"Actual","Predicted"
0,"2"
0,"1"
251,"0"
107,"4"
0,"1"
0,"4"
0,"9"
0,"5"
150,"9"
0,"0"
0,"6"
0,"9"
116,"0"
0,"1"
20,"5"
47,"9"
254,"7"
243,"3"
94,"4"
0,"9"
252,"6"
0,"6"
0,"5"
31,"4"
246,"0"
151,"7"
177,"4"
253,"0"
0,"1"
192,"3"
0,"1"
51,"3"
0,"4"
0,"7"
77,"2"
0,"7"
0,"1"
0,"2"
0,"1"
0,"1"
0,"7"
0,"4"
113,"2"
24,"3"
102,"5"
0,"1"
0,"2"
180,"4"
254,"4"
223,"6"
224,"3"
0,"5"
9,"5"
0,"6"
252,"0"
253,"4"
0,"1"
254,"9"
0,"5"
255,"7"
0,"8"
0,"9"
0,"3"
253,"7"
0,"4"
206,"6"
0,"4"
0,"3"
0,"0"
254,"7"
0,"0"
253,"2"
0,"9"
0,"1"
110,"7"
45,"3"
0,"2"
0,"9"
253,"7"
0,"7"
254,"6"
0,"2"
0,"7"
0,"8"
118,"4"
0,"7"
122,"3"
0,"6"
0,"1"
253,"3"
253,"6"
0,"9"
128,"3"
0,"1"
252,"4"
0,"1"
253,"7"
0,"6"
240,"9"
0,"6"
0,"0"
13,"5"
186,"4"
253,"9"
0,"9"
254,"2"
0,"1"
0,"9"
57,"4"
0,"8"
0,"7"
0,"3"
0,"9"
252,"7"
0,"4"
0,"4"
254,"4"
0,"9"
101,"2"
129,"5"
155,"4"
0,"7"
180,"6"
14,"7"
0,"9"
75,"0"
0,"5"
0,"8"
0,"5"
252,"6"
251,"6"
255,"5"
254,"7"
0,"8"
0,"1"
244,"0"
0,"1"
4,"6"
22,"4"
108,"6"
26,"7"
41,"3"
0,"1"
193,"7"
0,"1"
0,"8"
70,"2"
106,"0"
40,"2"
76,"9"
68,"8"
0,"5"
0,"5"
0,"1"
0,"5"
129,"6"
253,"0"
254,"2"
0,"4"
0,"4"
254,"6"
0,"5"
254,"4"
6,"6"
230,"5"
192,"4"
225,"5"
0,"1"
150,"4"
0,"4"
65,"7"
0,"2"
0,"3"
0,"2"
0,"7"
0,"1"
0,"8"
0,"1"
0,"8"
0,"1"
0,"8"
0,"5"
0,"0"
94,"8"
100,"9"
0,"2"
249,"5"
0,"0"
0,"1"
0,"1"
0,"1"
253,"0"
79,"9"
231,"0"
0,"3"
0,"1"
0,"6"
0,"4"
0,"2"
253,"3"
0,"6"
0,"1"
0,"1"
0,"1"
76,"3"
0,"9"
254,"5"
0,"2"
252,"9"
195,"4"
0,"5"
253,"9"
0,"3"
0,"9"
253,"0"
168,"3"
0,"6"
0,"5"
230,"5"
111,"7"
254,"2"
253,"2"
36,"7"
0,"1"
0,"2"
0,"8"
0,"4"
0,"1"
0,"7"
223,"3"
0,"3"
0,"8"
0,"8"
0,"7"
190,"9"
0,"2"
0,"2"
253,"4"
0,"1"
93,"5"
253,"9"
139,"8"
208,"7"
0,"2"
0,"8"
0,"0"
254,"6"
168,"4"
0,"2"
81,"4"
0,"1"
0,"9"
0,"5"
0,"7"
0,"7"
0,"2"
0,"8"
253,"2"
0,"6"
0,"8"
0,"5"
0,"7"
0,"7"
0,"9"
0,"1"
194,"8"
0,"1"
124,"8"
0,"0"
155,"3"
254,"0"
0,"1"
0,"9"
253,"9"
119,"4"
0,"1"
55,"8"
0,"2"
0,"1"
0,"2"
57,"9"
0,"7"
0,"5"
200,"9"
0,"2"
0,"6"
251,"4"
0,"1"
0,"5"
23,"8"
0,"2"
0,"9"
0,"2"
48,"0"
166,"4"
0,"0"
0,"0"
0,"2"
0,"8"
0,"4"
186,"7"
0,"1"
13,"2"
0,"4"
0,"0"
0,"2"
142,"7"
0,"4"
0,"3"
226,"3"
252,"0"
253,"0"
215,"3"
0,"1"
158,"9"
0,"6"
0,"5"
253,"2"
132,"5"
0,"9"
0,"7"
0,"9"
0,"3"
126,"0"
19,"4"
0,"2"
255,"0"
114,"7"
0,"1"
0,"1"
0,"2"
0,"1"
0,"5"
234,"3"
0,"3"
34,"9"
174,"7"
0,"8"
0,"6"
229,"3"
188,"6"
0,"1"
146,"3"
0,"8"
0,"1"
254,"0"
0,"5"
0,"1"
0,"3"
0,"1"
3,"5"
0,"5"
253,"6"
0,"1"
0,"8"
253,"5"
0,"1"
0,"4"
0,"9"
253,"4"
202,"6"
0,"2"
0,"2"
0,"5"
253,"0"
85,"6"
82,"5"
163,"6"
210,"3"
0,"7"
0,"2"
0,"0"
0,"8"
0,"8"
0,"5"
0,"4"
0,"1"
0,"1"
120,"4"
0,"0"
12,"3"
191,"3"
0,"7"
84,"6"
0,"1"
254,"6"
0,"2"
0,"1"
0,"9"
254,"2"
0,"8"
253,"6"
0,"1"
0,"9"
193,"5"
205,"2"
80,"5"
245,"4"
0,"4"
248,"2"
0,"8"
247,"3"
0,"8"
0,"8"
255,"4"
218,"5"
128,"0"
118,"3"
0,"1"
0,"7"
0,"7"
252,"3"
253,"7"
0,"9"
44,"7"
0,"1"
0,"7"
25,"2"
0,"1"
0,"4"
212,"2"
0,"9"
0,"2"
0,"0"
16,"4"
0,"9"
0,"1"
0,"4"
0,"8"
0,"1"
0,"8"
117,"4"
0,"5"
0,"9"
0,"8"
0,"8"
28,"3"
0,"7"
42,"6"
153,"0"
197,"0"
253,"3"
4,"0"
0,"2"
128,"0"
125,"6"
0,"4"
0,"9"
254,"5"
192,"3"
191,"3"
0,"2"
154,"3"
230,"9"
0,"1"
0,"2"
234,"6"
0,"8"
0,"0"
0,"5"
0,"6"
255,"6"
132,"6"
0,"3"
128,"8"
0,"8"
0,"2"
0,"7"
0,"5"
0,"8"
0,"9"
63,"6"
0,"1"
30,"8"
254,"4"
0,"1"
0,"2"
0,"5"
188,"9"
0,"1"
60,"9"
254,"7"
0,"5"
82,"4"
254,"0"
0,"8"
253,"9"
0,"9"
0,"1"
0,"0"
165,"5"
0,"2"
253,"3"
91,"7"
252,"0"
0,"9"
0,"4"
10,"0"
0,"6"
253,"3"
253,"9"
230,"5"
252,"2"
0,"1"
0,"3"
0,"1"
0,"3"
0,"6"
0,"5"
255,"7"
0,"4"
0,"2"
85,"2"
191,"6"
0,"3"
0,"2"
0,"6"
0,"5"
0,"4"
0,"8"
0,"9"
254,"7"
0,"1"
252,"3"
0,"0"
255,"3"
20,"8"
160,"3"
0,"1"
0,"9"
0,"3"
0,"4"
218,"4"
253,"6"
253,"4"
0,"2"
0,"1"
0,"8"
226,"2"
0,"5"
103,"4"
0,"8"
0,"8"
227,"4"
247,"0"
0,"0"
0,"2"
71,"3"
239,"2"
131,"7"
0,"7"
231,"0"
0,"8"
0,"7"
0,"4"
253,"4"
0,"7"
0,"9"
251,"6"
0,"9"
0,"0"
0,"9"
0,"8"
195,"0"
0,"4"
18,"6"
59,"0"
0,"6"
97,"3"
0,"5"
95,"4"
0,"8"
252,"3"
20,"3"
0,"9"
0,"3"
0,"3"
0,"8"
0,"7"
0,"8"
0,"0"
0,"2"
0,"8"
0,"1"
0,"7"
0,"0"
223,"6"
85,"5"
0,"4"
252,"3"
234,"3"
136,"0"
0,"9"
221,"6"
177,"3"
64,"8"
0,"0"
0,"9"
28,"9"
253,"6"
205,"8"
22,"6"
0,"8"
0,"5"
0,"7"
0,"8"
93,"6"
0,"0"
0,"2"
102,"4"
120,"0"
25,"2"
0,"2"
0,"3"
0,"1"
161,"9"
254,"7"
252,"5"
0,"1"
0,"0"
0,"8"
8,"4"
233,"6"
0,"2"
252,"6"
0,"7"
0,"9"
0,"9"
253,"2"
0,"9"
0,"8"
253,"2"
0,"2"
250,"9"
0,"2"
217,"7"
218,"3"
0,"5"
0,"9"
0,"1"
5,"8"
46,"0"
0,"2"
231,"0"
252,"5"
0,"2"
0,"1"
212,"3"
0,"7"
0,"6"
0,"7"
0,"1"
0,"2"
0,"5"
63,"8"
0,"0"
224,"3"
230,"7"
0,"2"
0,"4"
129,"0"
0,"9"
0,"1"
0,"8"
0,"6"
0,"7"
0,"7"
255,"4"
0,"3"
0,"4"
160,"9"
0,"1"
254,"9"
249,"3"
0,"1"
196,"7"
131,"3"
229,"9"
0,"7"
254,"6"
254,"9"
0,"1"
0,"3"
7,"7"
0,"8"
6,"3"
0,"3"
15,"6"
0,"4"
0,"2"
107,"8"
0,"5"
0,"8"
0,"5"
0,"1"
0,"1"
63,"4"
190,"4"
0,"3"
0,"1"
226,"0"
0,"7"
70,"7"
26,"0"
0,"7"
13,"9"
0,"9"
0,"4"
0,"8"
0,"5"
243,"5"
0,"4"
0,"0"
234,"8"
0,"2"
0,"1"
0,"0"
0,"8"
253,"4"
0,"8"
0,"0"
255,"4"
140,"0"
57,"6"
0,"1"
254,"7"
0,"3"
0,"2"
254,"6"
95,"7"
181,"2"
20,"6"
0,"9"
0,"3"
0,"1"
252,"4"
255,"6"
0,"2"
253,"5"
0,"9"
0,"2"
0,"0"
29,"6"
231,"2"
0,"1"
0,"7"
28,"3"
33,"4"
0,"1"
0,"0"
255,"5"
162,"4"
0,"3"
0,"1"
0,"1"
0,"7"
0,"4"
0,"9"
0,"9"
0,"4"
0,"8"
253,"4"
0,"0"
253,"2"
0,"4"
218,"5"
0,"1"
0,"1"
120,"6"
231,"4"
128,"7"
0,"1"
0,"9"
0,"4"
0,"2"
252,"4"
0,"1"
175,"5"
0,"5"
66,"3"
16,"8"
252,"3"
0,"1"
253,"4"
252,"5"
252,"6"
0,"8"
0,"9"
28,"4"
0,"1"
0,"5"
255,"3"
0,"8"
148,"0"
0,"3"
254,"2"
0,"5"
0,"1"
0,"2"
177,"8"
255,"3"
254,"4"
254,"4"
0,"0"
0,"8"
0,"8"
53,"3"
253,"3"
0,"1"
83,"7"
0,"3"
253,"5"
0,"9"
166,"6"
154,"3"
0,"2"
221,"6"
0,"1"
194,"3"
225,"6"
0,"0"
254,"7"
61,"2"
0,"1"
0,"7"
0,"1"
0,"4"
0,"2"
215,"4"
0,"2"
0,"1"
253,"7"
0,"9"
0,"6"
0,"1"
0,"1"
0,"2"
254,"4"
190,"8"
0,"1"
85,"7"
0,"7"
254,"4"
232,"7"
39,"0"
229,"7"
0,"3"
0,"1"
253,"3"
0,"1"
229,"0"
0,"7"
0,"7"
0,"0"
116,"3"
0,"5"
0,"5"
211,"2"
0,"7"
34,"6"
253,"6"
0,"9"
0,"2"
36,"8"
0,"3"
42,"5"
0,"2"
0,"2"
0,"5"
0,"6"
134,"0"
0,"8"
0,"2"
0,"9"
254,"2"
75,"8"
0,"8"
253,"8"
0,"8"
0,"7"
15,"4"
0,"7"
52,"3"
166,"0"
253,"6"
0,"6"
0,"3"
14,"2"
0,"1"
0,"5"
0,"2"
53,"2"
16,"9"
255,"3"
124,"0"
184,"0"
0,"5"
147,"7"
108,"8"
0,"3"
254,"4"
0,"4"
253,"6"
0,"0"
215,"2"
252,"9"
0,"1"
0,"4"
65,"7"
103,"4"
0,"7"
242,"3"
181,"9"
0,"8"
0,"8"
253,"4"
0,"7"
0,"1"
0,"2"
0,"1"
165,"2"
0,"2"
253,"3"
0,"3"
244,"3"
254,"2"
98,"3"
52,"9"
0,"1"
213,"7"
0,"4"
0,"0"
0,"3"
67,"5"
0,"5"
164,"8"
183,"6"
122,"3"
220,"0"
249,"6"
105,"7"
232,"6"
0,"6"
0,"3"
0,"2"
0,"7"
0,"9"
0,"1"
0,"1"
178,"7"
186,"4"
0,"6"
0,"4"
0,"9"
252,"5"
0,"2"
0,"3"
254,"3"
0,"9"
83,"7"
0,"8"
0,"9"
0,"1"
0,"1"
3,"0"
0,"9"
0,"1"
205,"4"
221,"4"
0,"5"
104,"4"
0,"0"
0,"6"
0,"2"
253,"2"
0,"3"
0,"1"
0,"5"
0,"1"
0,"2"
0,"0"
0,"3"
0,"8"
0,"1"
0,"2"
29,"6"
0,"7"
0,"1"
253,"6"
20,"2"
0,"3"
27,"9"
254,"0"
0,"1"
253,"2"
0,"2"
0,"0"
234,"8"
215,"9"
15,"9"
252,"0"
0,"2"
255,"5"
0,"1"
0,"9"
0,"7"
0,"8"
0,"1"
0,"0"
253,"4"
0,"1"
0,"7"
0,"9"
0,"5"
0,"4"
3,"2"
255,"6"
32,"8"
0,"1"
139,"3"
62,"7"
141,"5"
0,"4"
0,"4"
0,"1"
254,"8"
0,"1"
252,"3"
0,"8"
0,"1"
226,"2"
0,"5"
0,"8"
253,"0"
252,"6"
0,"2"
0,"1"
0,"1"
0,"8"
0,"1"
0,"5"
254,"3"
0,"4"
0,"8"
0,"9"
0,"5"
0,"0"
254,"9"
253,"2"
143,"2"
254,"4"
0,"8"
253,"2"
0,"1"
0,"7"
0,"2"
0,"4"
0,"9"
254,"4"
251,"4"
0,"0"
0,"9"
0,"9"
0,"2"
0,"2"
0,"3"
0,"3"
0,"8"
253,"3"
252,"5"
0,"7"
0,"3"
0,"5"
0,"8"
0,"1"
0,"2"
0,"4"
74,"4"
252,"6"
0,"4"
0,"9"
0,"5"
0,"1"
0,"0"
0,"6"
178,"9"
0,"5"
15,"9"
252,"5"
0,"9"
253,"7"
0,"3"
0,"8"
253,"0"
38,"3"
253,"7"
0,"1"
28,"3"
156,"6"
44,"7"
199,"8"
255,"5"
0,"9"
0,"7"
115,"9"
63,"6"
148,"9"
254,"6"
254,"3"
231,"7"
9,"4"
254,"6"
254,"5"
51,"3"
0,"5"
3,"4"
0,"7"
0,"8"
0,"7"
0,"8"
192,"0"
0,"7"
0,"6"
0,"8"
0,"8"
253,"7"
0,"3"
253,"3"
0,"1"
207,"9"
0,"5"
121,"2"
0,"7"
70,"3"
0,"5"
0,"1"
0,"1"
0,"1"
0,"1"
29,"4"
0,"7"
112,"4"
168,"7"
249,"5"
254,"4"
5,"5"
254,"4"
140,"0"
0,"8"
254,"3"
0,"6"
63,"9"
0,"6"
253,"0"
0,"2"
0,"7"
253,"4"
254,"4"
254,"4"
89,"4"
255,"6"
76,"6"
17,"4"
253,"7"
0,"9"
85,"3"
0,"4"
0,"5"
0,"5"
0,"8"
0,"7"
46,"3"
0,"7"
0,"2"
0,"7"
255,"0"
0,"2"
254,"4"
0,"1"
0,"1"
0,"1"
17,"6"
0,"9"
0,"2"
0,"8"
248,"7"
0,"2"
191,"0"
0,"1"
255,"5"
0,"0"
0,"4"
0,"1"
0,"9"
245,"0"
0,"6"
254,"0"
10,"8"
238,"6"
0,"8"
0,"1"
0,"8"
37,"0"
0,"3"
0,"3"
0,"7"
0,"2"
0,"3"
4,"6"
0,"2"
0,"1"
91,"6"
0,"1"
0,"1"
0,"3"
0,"7"
0,"9"
0,"0"
253,"8"
0,"0"
21,"5"
14,"4"
0,"0"
0,"2"
0,"8"
0,"2"
0,"2"
0,"9"
0,"8"
0,"4"
254,"0"
0,"4"
133,"5"
0,"8"
0,"5"
0,"1"
0,"2"
0,"1"
32,"3"
0,"1"
0,"7"
0,"9"
0,"5"
0,"7"
30,"2"
0,"0"
253,"5"
29,"8"
0,"8"
0,"6"
0,"2"
92,"5"
209,"4"
0,"1"
0,"9"
62,"2"
0,"1"
0,"5"
0,"8"
0,"1"
185,"0"
0,"2"
255,"4"
7,"4"
0,"3"
218,"6"
0,"8"
0,"8"
8,"2"
134,"7"
0,"0"
253,"5"
253,"0"
0,"4"
59,"4"
89,"7"
236,"9"
161,"3"
30,"4"
0,"1"
254,"0"
0,"9"
0,"7"
223,"3"
0,"5"
0,"8"
219,"8"
102,"0"
115,"4"
42,"3"
203,"3"
243,"6"
0,"6"
226,"0"
0,"1"
0,"6"
0,"0"
185,"3"
254,"3"
226,"4"
0,"4"
0,"1"
168,"2"
0,"9"
0,"1"
0,"4"
253,"6"
253,"9"
15,"9"
19,"3"
55,"9"
0,"8"
0,"4"
65,"4"
90,"3"
0,"1"
0,"3"
0,"1"
7,"8"
0,"8"
0,"7"
0,"9"
63,"4"
0,"8"
0,"8"
0,"7"
0,"9"
0,"7"
0,"1"
116,"4"
0,"5"
0,"6"
0,"0"
46,"5"
0,"2"
0,"2"
0,"6"
0,"1"
128,"5"
0,"5"
6,"2"
0,"4"
0,"9"
0,"6"
125,"2"
0,"7"
15,"7"
237,"2"
0,"2"
0,"1"
0,"1"
253,"2"
0,"8"
0,"3"
0,"7"
0,"2"
0,"4"
0,"1"
0,"7"
0,"1"
0,"7"
0,"6"
0,"7"
67,"8"
0,"2"
0,"7"
226,"3"
0,"1"
145,"7"
0,"5"
0,"8"
0,"2"
140,"6"
254,"2"
0,"2"
0,"5"
238,"6"
0,"5"
0,"0"
0,"9"
0,"2"
254,"4"
227,"3"
0,"3"
0,"9"
147,"7"
65,"6"
165,"6"
0,"8"
253,"0"
139,"4"
0,"1"
253,"5"
255,"8"
248,"2"
0,"9"
0,"1"
59,"8"
0,"0"
62,"6"
0,"7"
0,"2"
0,"8"
117,"0"
0,"5"
0,"5"
44,"2"
255,"0"
0,"2"
7,"2"
254,"0"
0,"2"
0,"4"
0,"0"
8,"8"
253,"0"
253,"9"
51,"9"
252,"4"
211,"6"
0,"5"
253,"4"
253,"9"
0,"1"
0,"4"
0,"3"
246,"4"
30,"9"
0,"9"
0,"1"
0,"2"
0,"2"
0,"8"
0,"1"
55,"9"
0,"6"
0,"4"
253,"0"
0,"9"
0,"4"
0,"8"
0,"3"
0,"8"
253,"6"
61,"0"
0,"2"
0,"5"
0,"1"
0,"9"
0,"6"
0,"2"
0,"9"
0,"4"
223,"0"
0,"9"
64,"6"
0,"0"
202,"6"
0,"2"
0,"5"
253,"4"
252,"2"
251,"3"
255,"8"
6,"4"
0,"5"
113,"5"
0,"0"
27,"3"
0,"8"
0,"5"
0,"3"
0,"5"
0,"8"
0,"6"
254,"5"
0,"7"
0,"6"
136,"3"
253,"3"
55,"9"
144,"6"
0,"1"
0,"1"
121,"2"
0,"9"
0,"0"
253,"4"
254,"3"
253,"3"
253,"6"
113,"9"
0,"5"
173,"5"
0,"3"
0,"7"
252,"7"
20,"7"
254,"8"
0,"7"
234,"9"
0,"8"
162,"3"
192,"0"
0,"7"
0,"2"
0,"7"
168,"9"
228,"4"
255,"5"
23,"4"
0,"9"
228,"3"
0,"2"
0,"1"
0,"4"
131,"0"
0,"2"
254,"3"
173,"7"
0,"5"
0,"7"
236,"8"
0,"8"
0,"5"
0,"0"
0,"1"
0,"1"
255,"4"
255,"7"
143,"3"
0,"9"
253,"0"
254,"0"
252,"0"
248,"6"
210,"6"
0,"2"
42,"3"
254,"7"
41,"8"
0,"4"
232,"7"
0,"7"
253,"9"
0,"2"
0,"4"
0,"1"
253,"6"
0,"5"
29,"2"
0,"4"
0,"3"
0,"9"
0,"1"
0,"8"
25,"4"
241,"0"
91,"3"
0,"8"
0,"4"
104,"8"
0,"7"
0,"7"
254,"0"
0,"7"
0,"8"
0,"8"
27,"6"
254,"0"
103,"4"
0,"8"
0,"8"
158,"2"
253,"4"
0,"7"
241,"6"
254,"6"
215,"6"
0,"4"
0,"7"
0,"1"
0,"8"
0,"9"
191,"2"
0,"3"
172,"6"
254,"3"
0,"0"
253,"0"
0,"3"
0,"7"
112,"6"
0,"9"
0,"7"
0,"9"
0,"9"
0,"5"
230,"4"
128,"3"
254,"3"
254,"6"
0,"1"
0,"2"
66,"3"
0,"7"
0,"3"
10,"3"
253,"6"
0,"0"
23,"3"
254,"3"
125,"8"
253,"4"
210,"3"
192,"6"
250,"3"
0,"5"
233,"0"
109,"2"
0,"6"
35,"9"
0,"0"
0,"7"
0,"4"
92,"6"
252,"9"
10,"3"
0,"5"
0,"1"
0,"9"
253,"6"
0,"1"
0,"4"
0,"5"
120,"4"
116,"5"
127,"0"
32,"5"
254,"9"
243,"5"
0,"2"
0,"1"
0,"2"
0,"9"
0,"1"
0,"9"
0,"9"
245,"4"
85,"0"
0,"8"
50,"4"
57,"5"
0,"2"
253,"9"
0,"2"
0,"1"
0,"2"
0,"1"
0,"7"
0,"3"
254,"6"
0,"8"
0,"8"
0,"4"
0,"9"
0,"1"
0,"9"
0,"8"
0,"5"
213,"7"
0,"5"
0,"1"
0,"1"
0,"8"
221,"6"
0,"5"
0,"0"
237,"4"
0,"4"
112,"7"
230,"2"
254,"3"
0,"5"
254,"6"
0,"8"
0,"8"
0,"6"
0,"2"
255,"3"
0,"1"
0,"0"
0,"5"
0,"8"
0,"9"
0,"2"
2,"9"
0,"6"
155,"7"
0,"0"
0,"4"
0,"8"
0,"7"
0,"1"
0,"7"
0,"4"
0,"1"
0,"0"
0,"8"
0,"7"
0,"2"
220,"0"
128,"0"
0,"9"
0,"1"
0,"7"
0,"0"
253,"7"
0,"8"
252,"4"
0,"7"
70,"2"
0,"0"
254,"4"
0,"6"
0,"0"
0,"3"
0,"1"
0,"1"
225,"3"
252,"3"
0,"9"
0,"6"
252,"7"
0,"4"
0,"1"
254,"5"
0,"3"
252,"0"
0,"8"
0,"7"
2,"3"
0,"9"
0,"6"
0,"9"
203,"3"
0,"5"
255,"0"
25,"2"
232,"7"
0,"7"
33,"5"
0,"1"
0,"2"
192,"5"
0,"8"
179,"0"
0,"8"
30,"8"
0,"1"
0,"5"
104,"0"
0,"3"
99,"0"
141,"3"
0,"1"
0,"4"
0,"0"
0,"3"
0,"7"
0,"2"
54,"7"
0,"1"
56,"8"
0,"0"
0,"7"
0,"0"
0,"4"
22,"3"
0,"1"
254,"9"
183,"8"
36,"7"
0,"7"
0,"1"
207,"4"
253,"9"
0,"9"
0,"3"
253,"2"
0,"1"
253,"7"
254,"9"
39,"0"
85,"2"
0,"0"
254,"3"
233,"3"
0,"7"
255,"6"
253,"9"
0,"2"
236,"3"
0,"3"
151,"7"
0,"7"
0,"0"
251,"0"
0,"7"
26,"5"
254,"2"
0,"9"
255,"2"
0,"7"
116,"4"
0,"4"
0,"2"
254,"6"
64,"6"
0,"1"
211,"9"
174,"6"
39,"8"
0,"2"
0,"9"
199,"0"
0,"8"
255,"3"
0,"1"
0,"1"
254,"6"
0,"3"
105,"5"
0,"1"
0,"1"
0,"1"
0,"3"
0,"1"
0,"2"
252,"3"
160,"0"
0,"2"
254,"0"
0,"1"
0,"3"
0,"5"
0,"5"
0,"7"
0,"4"
0,"3"
0,"9"
155,"6"
254,"9"
0,"6"
0,"8"
0,"3"
254,"6"
253,"6"
123,"8"
31,"5"
0,"1"
0,"4"
0,"2"
0,"4"
0,"4"
17,"5"
0,"1"
0,"1"
0,"9"
0,"0"
0,"2"
0,"4"
0,"9"
124,"5"
242,"7"
0,"1"
0,"8"
243,"3"
0,"5"
235,"6"
0,"9"
10,"8"
242,"7"
0,"1"
0,"1"
0,"6"
0,"7"
0,"6"
43,"3"
0,"2"
253,"2"
0,"0"
96,"8"
0,"9"
253,"2"
0,"5"
0,"1"
0,"0"
0,"8"
35,"1"
3,"4"
175,"5"
249,"7"
0,"9"
174,"6"
0,"9"
62,"0"
0,"6"
0,"1"
185,"5"
0,"5"
0,"8"
0,"2"
0,"8"
0,"2"
0,"6"
2,"5"
162,"0"
0,"7"
26,"4"
0,"6"
0,"1"
253,"3"
0,"4"
0,"7"
211,"3"
0,"2"
0,"3"
0,"4"
0,"2"
191,"5"
0,"2"
156,"7"
0,"1"
0,"7"
215,"2"
0,"6"
254,"4"
0,"1"
0,"0"
14,"7"
0,"8"
0,"6"
0,"0"
0,"1"
0,"8"
243,"2"
0,"5"
12,"7"
36,"7"
137,"6"
0,"3"
0,"3"
11,"5"
0,"2"
89,"4"
0,"2"
252,"4"
207,"0"
0,"8"
0,"8"
144,"3"
65,"4"
0,"9"
0,"1"
255,"7"
25,"5"
0,"8"
114,"6"
254,"5"
200,"6"
62,"0"
254,"8"
254,"6"
0,"7"
231,"3"
0,"6"
53,"4"
91,"9"
13,"4"
137,"6"
253,"8"
6,"3"
111,"2"
97,"4"
0,"1"
194,"0"
0,"1"
107,"4"
253,"6"
14,"2"
0,"9"
0,"1"
0,"1"
0,"0"
252,"6"
0,"3"
0,"9"
89,"5"
39,"6"
0,"5"
116,"6"
0,"5"
0,"8"
253,"4"
253,"6"
0,"4"
0,"3"
68,"9"
0,"1"
0,"3"
0,"4"
0,"1"
0,"9"
0,"1"
253,"7"
0,"1"
0,"1"
0,"9"
213,"3"
0,"5"
0,"4"
0,"0"
0,"7"
79,"3"
254,"6"
0,"1"
0,"7"
0,"5"
0,"5"
253,"3"
114,"3"
175,"4"
0,"1"
254,"5"
0,"7"
0,"5"
0,"8"
0,"6"
0,"5"
0,"1"
230,"0"
0,"4"
253,"7"
27,"3"
0,"4"
253,"6"
252,"7"
0,"9"
0,"8"
0,"1"
0,"8"
32,"9"
206,"9"
0,"2"
0,"8"
0,"6"
37,"2"
0,"7"
169,"0"
254,"0"
0,"6"
0,"7"
0,"5"
0,"8"
254,"6"
253,"0"
254,"9"
253,"3"
0,"9"
0,"1"
0,"3"
243,"5"
0,"4"
252,"3"
0,"3"
254,"5"
0,"5"
0,"6"
0,"3"
244,"0"
0,"2"
253,"3"
253,"4"
0,"2"
0,"3"
253,"0"
223,"9"
0,"9"
0,"4"
253,"7"
0,"2"
0,"1"
0,"4"
12,"7"
253,"0"
254,"6"
0,"0"
25,"8"
191,"5"
0,"2"
0,"8"
0,"5"
168,"7"
253,"3"
253,"0"
0,"8"
0,"2"
0,"4"
0,"2"
0,"8"
0,"2"
0,"5"
66,"5"
253,"7"
0,"6"
177,"4"
0,"4"
0,"8"
254,"4"
0,"8"
0,"2"
0,"7"
253,"4"
0,"5"
0,"2"
0,"0"
227,"3"
254,"9"
49,"9"
73,"6"
0,"7"
0,"2"
0,"5"
0,"1"
0,"1"
0,"1"
0,"2"
254,"3"
0,"6"
0,"7"
0,"8"
0,"7"
126,"6"
251,"4"
0,"8"
0,"9"
102,"4"
0,"8"
247,"6"
191,"3"
28,"8"
253,"3"
0,"1"
0,"0"
253,"6"
0,"2"
0,"2"
0,"5"
190,"6"
251,"9"
253,"5"
0,"8"
0,"1"
228,"4"
0,"1"
0,"7"
83,"8"
0,"4"
0,"6"
0,"1"
0,"8"
0,"4"
228,"3"
0,"1"
0,"2"
238,"8"
240,"0"
0,"8"
6,"5"
252,"9"
0,"2"
254,"4"
0,"2"
93,"0"
60,"2"
0,"7"
243,"0"
0,"1"
255,"0"
0,"2"
253,"5"
207,"7"
0,"6"
227,"7"
0,"9"
0,"4"
0,"2"
0,"6"
32,"2"
252,"4"
211,"4"
0,"8"
141,"0"
33,"4"
20,"4"
0,"5"
0,"8"
254,"0"
248,"6"
0,"8"
0,"9"
0,"8"
163,"5"
0,"6"
0,"9"
0,"0"
0,"4"
0,"8"
84,"7"
0,"1"
0,"3"
0,"4"
213,"6"
0,"9"
30,"0"
0,"9"
0,"1"
10,"3"
0,"3"
0,"6"
0,"9"
20,"8"
0,"7"
0,"1"
0,"0"
246,"5"
0,"7"
0,"1"
227,"7"
0,"5"
0,"2"
0,"7"
0,"9"
0,"1"
0,"8"
180,"5"
232,"2"
253,"4"
0,"9"
254,"4"
0,"7"
66,"2"
226,"2"
0,"3"
255,"4"
0,"9"
0,"1"
254,"9"
0,"2"
0,"1"
0,"7"
252,"9"
253,"4"
254,"4"
7,"1"
10,"6"
215,"7"
0,"2"
0,"7"
0,"8"
0,"0"
0,"1"
0,"9"
0,"7"
0,"1"
0,"1"
20,"7"
112,"5"
228,"9"
12,"3"
0,"5"
0,"1"
12,"3"
49,"7"
5,"6"
0,"1"
0,"3"
0,"8"
0,"7"
64,"3"
253,"9"
253,"4"
0,"0"
0,"0"
0,"2"
0,"8"
0,"8"
128,"2"
253,"3"
0,"7"
0,"1"
19,"3"
98,"0"
0,"3"
0,"4"
0,"4"
254,"3"
0,"8"
0,"9"
100,"2"
0,"3"
0,"9"
19,"7"
0,"1"
0,"1"
197,"7"
253,"0"
253,"4"
0,"9"
0,"6"
43,"5"
0,"9"
0,"1"
0,"7"
0,"0"
0,"2"
0,"0"
197,"0"
0,"4"
253,"6"
0,"7"
254,"0"
238,"7"
0,"1"
0,"4"
0,"6"
253,"4"
0,"5"
253,"4"
255,"9"
0,"9"
0,"1"
2,"7"
0,"9"
98,"5"
0,"3"
0,"3"
0,"8"
0,"2"
0,"3"
0,"6"
0,"2"
0,"2"
0,"1"
0,"1"
0,"1"
0,"1"
0,"1"
186,"6"
0,"9"
0,"8"
209,"4"
207,"3"
0,"7"
0,"1"
115,"6"
226,"4"
0,"5"
0,"0"
254,"9"
0,"7"
0,"4"
0,"2"
252,"4"
110,"0"
0,"7"
0,"0"
0,"1"
252,"9"
0,"8"
0,"8"
109,"6"
253,"0"
253,"0"
254,"4"
0,"1"
148,"6"
0,"8"
0,"2"
0,"2"
254,"3"
222,"8"
254,"4"
151,"8"
139,"2"
0,"2"
0,"1"
21,"7"
5,"5"
0,"4"
0,"4"
25,"0"
130,"4"
215,"3"
0,"8"
24,"7"
252,"3"
0,"1"
253,"0"
0,"1"
0,"2"
0,"5"
170,"4"
17,"2"
0,"1"
229,"0"
0,"1"
0,"8"
120,"9"
0,"1"
202,"6"
0,"8"
33,"3"
246,"3"
0,"9"
0,"3"
234,"6"
0,"2"
0,"8"
254,"3"
0,"2"
0,"2"
0,"1"
0,"0"
251,"4"
51,"2"
0,"9"
0,"2"
253,"4"
0,"3"
253,"7"
28,"9"
0,"1"
0,"5"
0,"2"
0,"4"
0,"9"
41,"5"
183,"3"
0,"8"
203,"5"
0,"3"
177,"6"
207,"0"
0,"9"
0,"4"
254,"6"
0,"2"
0,"5"
253,"0"
253,"2"
0,"7"
253,"4"
252,"6"
150,"6"
0,"8"
254,"6"
239,"6"
0,"8"
207,"6"
0,"9"
0,"1"
0,"7"
0,"2"
50,"5"
124,"9"
188,"9"
41,"0"
0,"7"
0,"2"
6,"7"
244,"6"
0,"7"
0,"0"
75,"6"
0,"5"
0,"4"
254,"4"
0,"7"
0,"2"
252,"0"
165,"9"
0,"9"
0,"2"
0,"2"
0,"9"
165,"4"
0,"4"
0,"2"
254,"3"
253,"3"
0,"2"
0,"1"
234,"7"
227,"0"
0,"7"
131,"6"
28,"4"
0,"1"
0,"3"
235,"8"
253,"7"
0,"4"
252,"5"
132,"9"
0,"2"
254,"5"
0,"1"
0,"8"
254,"7"
237,"3"
0,"7"
0,"1"
0,"5"
252,"5"
254,"0"
0,"9"
0,"1"
0,"4"
0,"0"
0,"6"
0,"3"
124,"3"
0,"6"
252,"0"
0,"4"
0,"9"
155,"7"
0,"5"
0,"1"
190,"6"
0,"8"
18,"9"
0,"5"
0,"5"
252,"7"
108,"9"
0,"3"
116,"8"
0,"3"
0,"8"
0,"1"
0,"5"
252,"3"
60,"5"
253,"0"
0,"5"
5,"5"
56,"3"
0,"8"
223,"6"
0,"7"
0,"7"
227,"7"
0,"3"
0,"7"
0,"0"
0,"5"
0,"9"
0,"0"
151,"2"
0,"5"
0,"5"
0,"3"
0,"1"
0,"7"
0,"7"
0,"8"
229,"6"
0,"5"
0,"9"
0,"3"
0,"8"
0,"9"
187,"5"
35,"3"
230,"7"
187,"9"
0,"1"
0,"7"
118,"0"
200,"0"
235,"3"
36,"7"
0,"2"
0,"3"
0,"8"
0,"1"
4,"8"
150,"6"
0,"2"
0,"9"
234,"5"
0,"7"
252,"5"
77,"1"
0,"8"
128,"6"
0,"8"
0,"6"
0,"1"
253,"4"
0,"8"
0,"4"
0,"5"
0,"8"
217,"3"
254,"0"
104,"6"
253,"2"
241,"7"
191,"3"
0,"3"
0,"2"
0,"1"
0,"0"
0,"7"
0,"3"
253,"4"
253,"0"
41,"3"
0,"9"
15,"3"
79,"2"
0,"8"
253,"9"
0,"0"
0,"3"
0,"8"
0,"0"
0,"7"
0,"6"
0,"5"
0,"4"
0,"7"
0,"3"
52,"0"
254,"0"
0,"8"
146,"6"
0,"2"
19,"5"
0,"1"
0,"1"
30,"0"
0,"0"
0,"4"
0,"4"
102,"0"
0,"1"
183,"2"
253,"3"
0,"2"
0,"7"
0,"7"
0,"8"
0,"5"
0,"2"
0,"5"
10,"7"
254,"6"
0,"9"
0,"1"
253,"4"
0,"1"
218,"6"
0,"4"
9,"2"
254,"4"
0,"3"
0,"5"
45,"4"
0,"3"
0,"9"
79,"5"
0,"0"
0,"1"
44,"5"
0,"3"
0,"8"
0,"9"
0,"1"
0,"9"
253,"7"
37,"9"
0,"5"
0,"5"
0,"2"
0,"7"
101,"4"
0,"6"
0,"0"
0,"1"
0,"1"
0,"1"
0,"0"
163,"4"
20,"4"
0,"7"
0,"6"
32,"3"
217,"0"
0,"0"
0,"4"
252,"3"
148,"0"
255,"6"
0,"1"
0,"4"
76,"6"
0,"1"
170,"3"
0,"8"
0,"1"
111,"2"
253,"5"
14,"6"
0,"2"
34,"7"
254,"3"
0,"6"
222,"0"
0,"1"
0,"9"
190,"7"
23,"6"
0,"6"
0,"8"
0,"9"
0,"2"
223,"9"
0,"5"
0,"8"
61,"3"
0,"1"
253,"0"
73,"0"
206,"7"
0,"6"
0,"6"
178,"2"
0,"1"
252,"6"
0,"9"
209,"3"
0,"1"
113,"8"
146,"6"
0,"9"
116,"0"
254,"6"
166,"0"
253,"0"
224,"0"
0,"6"
0,"3"
0,"5"
0,"9"
253,"8"
0,"4"
0,"5"
57,"5"
0,"8"
0,"5"
0,"3"
29,"0"
0,"4"
0,"0"
201,"2"
39,"9"
254,"6"
0,"8"
0,"2"
107,"3"
0,"1"
253,"2"
0,"1"
0,"1"
0,"5"
117,"6"
0,"9"
0,"8"
235,"0"
104,"6"
109,"6"
253,"5"
0,"5"
254,"3"
0,"8"
16,"6"
255,"2"
0,"1"
36,"4"
0,"5"
11,"4"
72,"3"
0,"7"
0,"8"
253,"5"
0,"0"
0,"9"
254,"3"
254,"5"
0,"1"
0,"1"
254,"0"
209,"4"
0,"4"
253,"7"
253,"0"
0,"1"
0,"7"
253,"0"
0,"1"
0,"6"
0,"1"
69,"4"
109,"5"
0,"6"
253,"6"
254,"5"
253,"7"
0,"8"
15,"4"
31,"4"
28,"7"
0,"2"
0,"5"
0,"3"
0,"7"
18,"0"
64,"7"
0,"7"
252,"9"
152,"6"
0,"4"
0,"2"
0,"8"
253,"5"
226,"7"
0,"8"
12,"3"
0,"9"
0,"5"
0,"8"
209,"9"
0,"9"
0,"8"
117,"6"
0,"2"
0,"8"
0,"9"
0,"2"
189,"3"
117,"6"
0,"1"
0,"1"
0,"8"
0,"9"
0,"3"
194,"4"
0,"0"
187,"7"
2,"9"
249,"6"
253,"7"
0,"1"
15,"4"
0,"1"
239,"3"
243,"4"
218,"9"
0,"3"
0,"1"
0,"4"
0,"7"
0,"7"
254,"4"
15,"7"
0,"2"
131,"9"
153,"3"
0,"0"
0,"8"
0,"0"
0,"8"
0,"4"
0,"0"
225,"4"
25,"4"
0,"1"
218,"5"
0,"2"
0,"8"
255,"3"
24,"4"
253,"9"
0,"5"
0,"2"
0,"8"
0,"1"
254,"5"
0,"3"
0,"7"
0,"9"
0,"4"
217,"2"
0,"5"
0,"6"
0,"3"
0,"5"
0,"9"
253,"3"
0,"5"
0,"9"
252,"2"
0,"1"
253,"9"
0,"5"
0,"3"
0,"0"
167,"6"
24,"9"
0,"8"
252,"4"
195,"0"
181,"4"
253,"5"
0,"2"
0,"9"
181,"0"
0,"1"
215,"0"
37,"7"
0,"1"
130,"6"
216,"5"
0,"8"
0,"1"
64,"5"
255,"3"
0,"8"
248,"0"
104,"3"
0,"5"
0,"5"
0,"9"
170,"2"
0,"8"
0,"7"
253,"0"
254,"4"
0,"9"
0,"1"
0,"9"
0,"7"
9,"7"
0,"5"
82,"5"
0,"2"
255,"0"
215,"9"
0,"1"
0,"8"
86,"6"
0,"2"
0,"3"
0,"9"
71,"6"
161,"2"
0,"1"
0,"9"
0,"1"
0,"3"
9,"5"
0,"5"
107,"0"
0,"3"
128,"8"
168,"3"
0,"3"
0,"7"
231,"6"
0,"6"
0,"0"
0,"1"
0,"4"
37,"0"
226,"6"
0,"9"
0,"8"
0,"1"
0,"2"
0,"9"
54,"9"
0,"5"
0,"9"
0,"7"
0,"3"
0,"7"
0,"8"
0,"0"
0,"1"
0,"3"
0,"0"
0,"4"
253,"6"
0,"1"
0,"0"
234,"2"
252,"5"
236,"8"
254,"4"
165,"4"
0,"1"
0,"1"
10,"5"
0,"4"
72,"6"
0,"6"
230,"0"
150,"6"
0,"9"
0,"2"
26,"6"
253,"2"
0,"7"
0,"1"
0,"7"
0,"9"
137,"4"
0,"0"
253,"0"
182,"3"
0,"8"
0,"2"
0,"2"
0,"3"
0,"1"
0,"6"
20,"0"
28,"5"
0,"7"
0,"7"
178,"9"
88,"2"
0,"6"
0,"7"
0,"9"
90,"7"
0,"8"
64,"6"
0,"8"
0,"8"
0,"4"
0,"6"
0,"8"
0,"4"
0,"1"
39,"2"
0,"8"
0,"2"
0,"3"
239,"9"
133,"4"
0,"0"
0,"3"
0,"7"
0,"3"
0,"2"
141,"3"
253,"3"
0,"7"
32,"3"
0,"4"
254,"0"
254,"6"
0,"2"
254,"0"
0,"8"
0,"1"
229,"5"
28,"3"
0,"5"
0,"4"
0,"1"
0,"7"
0,"1"
197,"5"
224,"7"
0,"5"
0,"7"
0,"3"
0,"2"
0,"2"
238,"7"
0,"5"
0,"7"
252,"3"
0,"7"
252,"8"
0,"5"
255,"4"
0,"9"
0,"2"
0,"5"
252,"6"
110,"5"
0,"3"
247,"6"
254,"7"
0,"4"
0,"1"
0,"7"
0,"1"
0,"5"
0,"2"
145,"3"
0,"6"
241,"3"
0,"1"
0,"4"
253,"2"
242,"6"
163,"7"
181,"4"
0,"3"
5,"8"
243,"0"
198,"6"
0,"2"
0,"1"
0,"6"
90,"5"
0,"3"
161,"9"
0,"1"
0,"9"
0,"3"
0,"2"
0,"1"
253,"8"
225,"4"
0,"4"
138,"6"
128,"5"
0,"8"
142,"6"
35,"9"
0,"7"
0,"7"
0,"8"
253,"6"
110,"9"
253,"7"
0,"3"
69,"9"
0,"4"
0,"0"
29,"5"
246,"9"
231,"6"
253,"4"
0,"1"
0,"2"
0,"3"
0,"0"
0,"0"
0,"2"
0,"6"
196,"6"
254,"5"
218,"7"
224,"0"
0,"8"
200,"6"
0,"4"
239,"7"
0,"9"
243,"0"
0,"7"
0,"3"
52,"4"
0,"2"
0,"1"
0,"8"
0,"8"
4,"5"
253,"9"
60,"2"
34,"7"
0,"1"
0,"8"
43,"8"
0,"8"
0,"2"
0,"7"
254,"6"
199,"0"
0,"1"
0,"2"
0,"7"
0,"1"
228,"0"
0,"8"
254,"3"
88,"6"
253,"0"
0,"5"
251,"3"
11,"6"
0,"2"
0,"8"
0,"7"
0,"0"
0,"1"
59,"4"
0,"2"
0,"1"
0,"1"
0,"4"
0,"4"
254,"4"
0,"4"
0,"1"
0,"1"
235,"6"
7,"2"
0,"9"
0,"9"
0,"0"
21,"0"
0,"1"
0,"8"
111,"8"
0,"4"
30,"3"
57,"4"
0,"2"
0,"9"
0,"6"
0,"1"
0,"6"
0,"1"
0,"2"
0,"2"
0,"2"
0,"1"
225,"2"
194,"3"
0,"7"
148,"8"
0,"1"
61,"0"
64,"0"
0,"2"
0,"1"
0,"6"
0,"6"
0,"0"
0,"1"
252,"6"
0,"2"
118,"5"
0,"1"
0,"7"
112,"4"
0,"8"
0,"2"
0,"1"
126,"4"
0,"3"
0,"8"
0,"3"
0,"9"
253,"9"
254,"4"
150,"8"
251,"3"
24,"4"
0,"7"
0,"2"
198,"7"
108,"5"
252,"7"
0,"0"
92,"4"
245,"3"
196,"3"
0,"2"
159,"6"
0,"7"
229,"6"
219,"0"
253,"0"
84,"6"
250,"7"
0,"7"
181,"0"
0,"5"
99,"5"
0,"8"
0,"1"
0,"0"
254,"7"
227,"0"
0,"2"
0,"8"
0,"1"
0,"5"
255,"0"
229,"8"
0,"8"
238,"0"
0,"3"
0,"2"
253,"7"
174,"7"
118,"2"
253,"6"
89,"4"
255,"7"
0,"5"
0,"5"
0,"5"
252,"2"
0,"9"
0,"2"
0,"8"
135,"4"
80,"6"
0,"8"
0,"6"
0,"5"
0,"0"
0,"0"
0,"8"
252,"7"
226,"6"
0,"1"
252,"7"
0,"1"
0,"1"
0,"2"
171,"7"
255,"4"
76,"0"
7,"0"
0,"7"
241,"7"
216,"6"
0,"3"
253,"8"
0,"6"
0,"4"
57,"2"
254,"0"
0,"9"
213,"4"
0,"0"
242,"5"
221,"7"
0,"8"
0,"2"
0,"7"
66,"4"
0,"7"
0,"1"
0,"1"
0,"3"
240,"6"
0,"6"
0,"6"
254,"9"
0,"1"
0,"9"
255,"4"
0,"8"
144,"3"
72,"6"
0,"9"
0,"5"
243,"9"
252,"6"
0,"2"
218,"4"
11,"6"
255,"7"
0,"7"
0,"0"
251,"6"
254,"6"
99,"9"
254,"4"
0,"8"
229,"3"
243,"5"
250,"3"
9,"4"
12,"9"
0,"0"
253,"0"
245,"5"
0,"2"
0,"5"
139,"0"
0,"7"
0,"1"
0,"1"
0,"1"
231,"0"
0,"7"
253,"6"
99,"7"
12,"9"
176,"6"
0,"6"
28,"9"
0,"1"
254,"4"
253,"3"
0,"1"
0,"1"
18,"2"
0,"2"
0,"4"
0,"1"
253,"0"
253,"8"
253,"7"
0,"6"
253,"3"
73,"4"
0,"0"
198,"0"
252,"6"
0,"3"
172,"3"
4,"0"
0,"9"
0,"1"
0,"7"
0,"1"
0,"1"
6,"3"
0,"1"
48,"0"
254,"9"
182,"9"
0,"7"
0,"5"
186,"4"
0,"1"
132,"4"
0,"8"
0,"9"
213,"5"
9,"3"
0,"5"
0,"1"
34,"9"
165,"8"
0,"2"
0,"7"
0,"3"
0,"9"
0,"9"
0,"0"
0,"1"
253,"0"
0,"2"
252,"9"
0,"3"
165,"9"
253,"3"
102,"3"
0,"6"
0,"2"
0,"9"
166,"9"
252,"8"
221,"3"
0,"7"
0,"4"
203,"0"
63,"4"
0,"7"
0,"8"
255,"4"
0,"9"
0,"8"
0,"1"
0,"9"
0,"7"
254,"5"
96,"9"
0,"2"
253,"8"
0,"2"
46,"2"
253,"0"
0,"2"
0,"2"
248,"3"
0,"8"
253,"4"
0,"6"
0,"8"
255,"4"
246,"8"
0,"2"
35,"4"
253,"6"
165,"7"
0,"9"
191,"3"
36,"3"
0,"9"
0,"4"
0,"3"
0,"1"
0,"4"
253,"4"
253,"7"
253,"0"
0,"5"
0,"9"
0,"6"
0,"0"
253,"4"
252,"4"
0,"4"
50,"4"
43,"6"
0,"1"
237,"2"
48,"3"
124,"3"
253,"5"
0,"4"
0,"5"
0,"9"
251,"6"
71,"8"
0,"5"
0,"6"
27,"5"
0,"8"
250,"6"
0,"4"
0,"1"
139,"8"
20,"6"
188,"5"
0,"2"
0,"8"
19,"4"
246,"5"
0,"5"
0,"4"
0,"7"
230,"4"
46,"0"
208,"7"
0,"8"
0,"2"
0,"2"
253,"3"
0,"7"
253,"0"
0,"1"
0,"8"
0,"0"
253,"7"
0,"1"
187,"9"
0,"8"
0,"7"
0,"5"
253,"5"
0,"9"
0,"1"
31,"7"
0,"5"
255,"4"
205,"9"
0,"1"
0,"2"
0,"2"
0,"1"
196,"6"
0,"6"
48,"7"
0,"1"
0,"1"
0,"4"
0,"0"
0,"7"
0,"4"
0,"3"
56,"4"
255,"0"
204,"6"
94,"4"
0,"7"
80,"6"
0,"9"
65,"5"
31,"3"
253,"4"
253,"6"
0,"5"
136,"0"
0,"1"
9,"8"
118,"8"
253,"2"
247,"3"
15,"3"
0,"5"
0,"7"
0,"8"
203,"0"
223,"8"
253,"5"
0,"7"
0,"1"
0,"1"
206,"0"
0,"1"
237,"3"
0,"7"
0,"8"
0,"5"
253,"0"
0,"7"
0,"1"
0,"1"
253,"0"
0,"1"
0,"1"
0,"4"
0,"5"
0,"2"
188,"7"
190,"6"
0,"2"
237,"3"
120,"0"
0,"2"
175,"8"
0,"5"
0,"9"
37,"6"
0,"9"
0,"7"
84,"2"
0,"1"
124,"3"
254,"6"
42,"4"
0,"1"
0,"8"
253,"2"
6,"4"
116,"0"
254,"5"
0,"1"
0,"0"
0,"2"
210,"2"
189,"6"
102,"4"
161,"4"
0,"3"
0,"9"
0,"6"
0,"1"
254,"6"
225,"5"
150,"7"
0,"9"
0,"2"
253,"0"
0,"2"
161,"6"
252,"0"
0,"1"
7,"4"
0,"3"
0,"3"
0,"2"
0,"8"
0,"8"
251,"0"
0,"8"
0,"8"
185,"9"
142,"0"
154,"9"
0,"6"
0,"7"
253,"6"
30,"3"
0,"9"
0,"3"
0,"9"
0,"7"
110,"7"
0,"7"
254,"4"
230,"9"
255,"0"
143,"6"
0,"1"
252,"3"
0,"4"
48,"2"
4,"7"
252,"2"
0,"8"
0,"1"
0,"0"
0,"0"
0,"7"
0,"8"
134,"3"
0,"3"
89,"3"
0,"1"
177,"3"
0,"7"
255,"6"
0,"1"
21,"3"
0,"1"
0,"6"
0,"6"
0,"5"
161,"7"
254,"4"
0,"7"
167,"5"
0,"9"
0,"5"
0,"3"
0,"4"
60,"9"
0,"9"
0,"1"
0,"8"
0,"5"
0,"0"
0,"1"
0,"3"
0,"2"
0,"0"
0,"3"
254,"4"
28,"8"
0,"2"
0,"2"
0,"0"
0,"2"
0,"5"
0,"1"
0,"5"
0,"1"
253,"6"
0,"8"
253,"8"
220,"9"
0,"1"
0,"2"
0,"1"
252,"3"
148,"5"
0,"1"
0,"0"
150,"9"
254,"4"
120,"4"
0,"8"
142,"3"
0,"2"
0,"5"
10,"9"
253,"7"
0,"6"
66,"6"
0,"2"
251,"0"
202,"0"
148,"0"
0,"8"
0,"8"
0,"1"
0,"1"
213,"5"
187,"2"
34,"3"
0,"8"
0,"5"
0,"1"
16,"8"
191,"4"
0,"0"
252,"4"
208,"9"
253,"9"
0,"6"
219,"2"
26,"3"
0,"3"
0,"5"
0,"6"
253,"4"
0,"8"
128,"0"
0,"9"
11,"2"
0,"8"
0,"3"
0,"6"
127,"9"
0,"5"
0,"7"
0,"2"
173,"9"
253,"4"
21,"9"
0,"1"
0,"2"
0,"8"
0,"6"
0,"0"
252,"7"
0,"0"
0,"9"
0,"1"
0,"1"
0,"0"
253,"7"
0,"5"
19,"9"
0,"9"
0,"1"
0,"9"
250,"5"
0,"9"
0,"2"
0,"5"
0,"0"
252,"4"
0,"1"
0,"0"
0,"8"
4,"4"
30,"0"
56,"8"
7,"9"
0,"8"
0,"9"
253,"4"
0,"2"
188,"5"
0,"7"
80,"9"
0,"8"
0,"9"
0,"8"
0,"0"
252,"9"
252,"9"
48,"6"
0,"8"
254,"9"
0,"9"
0,"5"
0,"9"
0,"8"
0,"5"
0,"1"
236,"0"
0,"3"
2,"3"
0,"5"
61,"2"
0,"1"
0,"6"
252,"5"
70,"0"
0,"2"
0,"8"
0,"3"
0,"5"
0,"6"
0,"2"
245,"3"
0,"0"
0,"2"
254,"2"
17,"6"
163,"4"
0,"3"
247,"5"
0,"5"
0,"1"
137,"7"
0,"2"
0,"1"
233,"6"
2,"9"
0,"1"
0,"3"
42,"9"
254,"5"
221,"5"
0,"1"
86,"6"
251,"2"
0,"2"
0,"8"
67,"6"
0,"7"
0,"1"
0,"4"
207,"6"
0,"0"
254,"6"
0,"0"
197,"3"
223,"3"
42,"2"
0,"2"
0,"3"
172,"6"
0,"8"
0,"9"
62,"2"
0,"5"
156,"3"
4,"3"
0,"5"
248,"4"
86,"5"
237,"2"
229,"0"
0,"5"
255,"6"
254,"3"
213,"2"
0,"8"
253,"3"
252,"9"
0,"9"
231,"3"
0,"7"
0,"9"
253,"4"
18,"6"
0,"7"
0,"1"
134,"3"
0,"1"
0,"3"
252,"6"
202,"6"
58,"0"
79,"9"
0,"0"
0,"1"
0,"9"
0,"4"
0,"2"
0,"8"
0,"8"
65,"0"
0,"1"
254,"6"
16,"9"
0,"7"
0,"5"
255,"3"
254,"4"
253,"7"
95,"4"
128,"9"
168,"9"
105,"4"
0,"3"
251,"6"
254,"3"
0,"1"
0,"1"
0,"7"
36,"6"
0,"9"
0,"1"
228,"8"
253,"4"
0,"1"
0,"1"
37,"9"
0,"9"
138,"7"
0,"3"
165,"6"
0,"8"
0,"1"
244,"6"
0,"0"
47,"4"
0,"1"
31,"3"
0,"7"
0,"7"
0,"4"
0,"9"
226,"5"
0,"1"
0,"0"
0,"0"
0,"1"
0,"1"
0,"6"
0,"2"
0,"1"
253,"9"
0,"8"
253,"4"
0,"0"
26,"3"
255,"6"
19,"4"
0,"9"
0,"0"
0,"7"
0,"1"
0,"6"
0,"5"
0,"7"
126,"5"
0,"2"
0,"5"
0,"1"
0,"8"
0,"5"
254,"4"
0,"7"
252,"0"
0,"8"
0,"7"
0,"9"
0,"2"
253,"5"
252,"8"
0,"1"
141,"0"
140,"4"
0,"5"
0,"7"
0,"1"
135,"3"
0,"5"
0,"1"
254,"3"
0,"0"
148,"0"
106,"6"
0,"0"
40,"7"
180,"3"
0,"1"
255,"8"
217,"3"
171,"9"
240,"7"
124,"0"
0,"0"
0,"8"
253,"5"
0,"5"
92,"9"
0,"8"
254,"3"
112,"2"
254,"7"
0,"2"
0,"9"
252,"7"
0,"2"
0,"1"
0,"1"
0,"3"
0,"7"
0,"5"
228,"3"
0,"1"
253,"9"
17,"8"
131,"2"
0,"2"
0,"2"
0,"8"
43,"8"
0,"5"
0,"7"
180,"3"
0,"8"
253,"9"
0,"8"
0,"8"
253,"6"
129,"8"
0,"2"
245,"3"
0,"9"
15,"7"
0,"5"
192,"6"
20,"2"
0,"9"
0,"2"
0,"8"
0,"8"
0,"1"
153,"6"
0,"2"
0,"8"
253,"7"
0,"9"
0,"1"
255,"8"
97,"0"
0,"1"
0,"7"
211,"2"
0,"0"
253,"7"
0,"5"
0,"1"
253,"9"
0,"0"
0,"2"
253,"0"
252,"9"
0,"8"
157,"6"
17,"2"
238,"3"
253,"0"
252,"3"
0,"8"
253,"0"
0,"2"
0,"1"
0,"1"
0,"1"
0,"1"
0,"4"
0,"2"
0,"9"
0,"7"
251,"6"
0,"5"
0,"1"
0,"1"
0,"2"
0,"1"
118,"9"
254,"9"
0,"9"
0,"1"
253,"0"
32,"2"
153,"0"
0,"2"
0,"1"
0,"1"
254,"4"
254,"6"
0,"4"
0,"1"
188,"5"
0,"4"
41,"9"
0,"9"
117,"7"
0,"7"
0,"5"
87,"6"
0,"2"
4,"2"
192,"2"
0,"8"
0,"0"
163,"6"
253,"9"
0,"6"
0,"1"
0,"9"
0,"7"
253,"7"
0,"1"
38,"4"
0,"8"
0,"5"
231,"3"
0,"4"
253,"3"
253,"4"
0,"7"
231,"7"
128,"5"
255,"0"
0,"7"
249,"4"
52,"8"
0,"8"
0,"1"
0,"5"
13,"3"
31,"9"
0,"5"
0,"9"
10,"7"
113,"6"
211,"9"
30,"0"
0,"3"
0,"6"
215,"3"
122,"9"
0,"8"
0,"2"
0,"1"
0,"1"
0,"2"
0,"8"
150,"6"
128,"8"
0,"5"
225,"5"
234,"3"
252,"9"
0,"4"
0,"9"
0,"2"
201,"5"
0,"1"
254,"5"
0,"1"
0,"4"
134,"4"
0,"1"
254,"4"
248,"4"
0,"3"
36,"5"
125,"9"
0,"1"
0,"2"
0,"2"
123,"3"
66,"3"
0,"0"
187,"2"
0,"9"
252,"0"
79,"0"
139,"9"
23,"9"
253,"6"
0,"0"
196,"9"
199,"3"
253,"7"
0,"8"
53,"4"
0,"1"
255,"9"
0,"0"
0,"7"
199,"2"
0,"7"
253,"9"
0,"9"
0,"5"
254,"9"
0,"5"
0,"1"
0,"1"
35,"8"
0,"7"
0,"5"
0,"1"
55,"9"
0,"5"
0,"3"
0,"5"
0,"4"
0,"9"
254,"5"
0,"9"
48,"3"
0,"1"
253,"9"
243,"0"
108,"9"
253,"7"
0,"5"
0,"4"
0,"9"
237,"2"
0,"0"
0,"1"
43,"0"
0,"5"
0,"1"
0,"4"
253,"9"
211,"3"
0,"3"
189,"6"
0,"1"
238,"5"
0,"2"
253,"5"
237,"2"
0,"2"
243,"0"
237,"9"
187,"2"
211,"6"
236,"6"
0,"0"
0,"1"
0,"2"
0,"0"
0,"3"
254,"0"
0,"2"
193,"5"
0,"5"
253,"7"
0,"9"
0,"5"
99,"5"
254,"0"
0,"8"
0,"9"
0,"5"
253,"0"
0,"3"
0,"2"
0,"5"
0,"9"
125,"0"
0,"8"
0,"8"
53,"4"
0,"9"
0,"8"
172,"8"
0,"4"
0,"5"
189,"4"
0,"8"
230,"5"
252,"4"
249,"9"
0,"2"
0,"2"
0,"1"
0,"2"
252,"6"
0,"8"
0,"8"
125,"7"
0,"0"
252,"3"
251,"6"
0,"6"
0,"4"
120,"3"
0,"8"
80,"8"
0,"7"
0,"2"
0,"2"
0,"0"
2,"0"
0,"4"
253,"3"
0,"9"
254,"9"
0,"1"
0,"9"
0,"8"
254,"6"
0,"6"
137,"4"
253,"2"
0,"6"
0,"9"
229,"2"
151,"8"
253,"5"
111,"4"
254,"5"
202,"7"
0,"9"
74,"9"
0,"9"
0,"2"
0,"1"
0,"8"
255,"3"
0,"4"
254,"0"
145,"7"
18,"8"
0,"3"
0,"9"
0,"3"
245,"4"
51,"6"
195,"5"
0,"6"
0,"2"
0,"2"
4,"9"
0,"2"
128,"6"
253,"0"
128,"0"
0,"6"
0,"1"
0,"2"
0,"8"
0,"7"
0,"9"
191,"8"
0,"2"
252,"0"
187,"4"
47,"7"
0,"7"
0,"5"
0,"0"
78,"5"
0,"6"
255,"4"
0,"6"
0,"7"
117,"4"
0,"3"
253,"0"
222,"7"
0,"5"
253,"0"
255,"7"
230,"4"
0,"2"
206,"0"
0,"8"
0,"9"
43,"9"
0,"4"
148,"2"
0,"4"
114,"6"
128,"7"
2,"8"
0,"7"
38,"6"
0,"9"
179,"4"
0,"1"
0,"3"
0,"7"
253,"3"
254,"0"
0,"8"
11,"7"
253,"7"
0,"6"
0,"9"
253,"3"
28,"9"
0,"2"
0,"2"
254,"9"
247,"2"
0,"1"
0,"8"
0,"3"
117,"2"
253,"9"
0,"6"
0,"8"
0,"4"
254,"0"
0,"1"
250,"2"
189,"8"
0,"4"
0,"5"
0,"7"
0,"7"
0,"8"
0,"1"
0,"1"
152,"3"
36,"0"
80,"3"
0,"5"
0,"7"
79,"0"
148,"3"
0,"1"
0,"3"
50,"3"
193,"5"
46,"3"
0,"1"
169,"7"
0,"7"
0,"3"
0,"0"
0,"8"
173,"4"
0,"8"
0,"2"
94,"6"
0,"5"
0,"2"
63,"9"
0,"7"
254,"3"
253,"9"
142,"0"
38,"9"
0,"9"
5,"6"
253,"4"
253,"2"
55,"9"
0,"7"
252,"2"
0,"1"
0,"1"
96,"6"
88,"7"
0,"4"
0,"7"
253,"5"
49,"9"
143,"6"
28,"8"
162,"2"
0,"1"
0,"4"
61,"4"
0,"5"
0,"9"
0,"6"
0,"1"
0,"3"
0,"2"
0,"5"
102,"9"
253,"9"
63,"3"
255,"6"
0,"1"
0,"1"
0,"4"
254,"6"
253,"9"
252,"7"
19,"2"
0,"1"
0,"5"
0,"1"
0,"4"
0,"6"
0,"3"
74,"4"
0,"1"
0,"1"
252,"0"
0,"3"
0,"1"
73,"6"
174,"8"
0,"4"
86,"9"
0,"0"
0,"7"
0,"3"
0,"0"
254,"2"
255,"9"
0,"0"
0,"6"
29,"6"
0,"6"
253,"3"
0,"6"
133,"7"
0,"7"
0,"2"
0,"8"
253,"6"
0,"0"
0,"8"
0,"3"
124,"0"
32,"2"
13,"9"
0,"8"
254,"5"
0,"2"
0,"5"
89,"3"
0,"8"
0,"8"
0,"0"
0,"0"
0,"1"
0,"9"
0,"5"
0,"1"
131,"3"
0,"9"
254,"6"
0,"0"
0,"1"
0,"4"
0,"1"
252,"7"
0,"1"
254,"2"
0,"3"
252,"7"
253,"9"
35,"7"
237,"4"
253,"9"
150,"9"
0,"3"
0,"9"
0,"2"
0,"8"
0,"2"
0,"7"
0,"1"
243,"8"
252,"0"
0,"9"
0,"1"
135,"0"
0,"1"
0,"7"
0,"7"
253,"9"
0,"6"
253,"9"
0,"9"
7,"9"
0,"2"
0,"1"
0,"6"
0,"1"
253,"3"
0,"5"
206,"2"
0,"1"
254,"9"
255,"7"
193,"6"
75,"4"
100,"5"
252,"7"
254,"6"
0,"6"
0,"9"
17,"9"
0,"6"
55,"3"
0,"6"
0,"2"
135,"9"
0,"8"
0,"1"
0,"2"
0,"2"
0,"5"
0,"5"
0,"2"
254,"3"
148,"7"
0,"2"
0,"1"
0,"0"
0,"1"
255,"0"
181,"4"
0,"5"
0,"2"
252,"8"
0,"2"
0,"8"
0,"3"
0,"5"
0,"1"
253,"7"
86,"7"
0,"1"
0,"1"
0,"2"
0,"9"
0,"7"
0,"8"
253,"4"
192,"0"
0,"3"
0,"0"
154,"7"
255,"8"
0,"8"
0,"4"
0,"7"
84,"7"
9,"8"
0,"5"
0,"8"
0,"4"
0,"9"
0,"8"
0,"1"
0,"3"
0,"8"
253,"0"
0,"3"
0,"1"
0,"7"
0,"9"
226,"5"
128,"5"
0,"1"
0,"6"
250,"5"
254,"7"
253,"4"
113,"9"
23,"3"
0,"5"
0,"4"
0,"7"
0,"1"
0,"2"
253,"0"
0,"8"
0,"1"
0,"6"
0,"0"
0,"7"
168,"3"
0,"4"
0,"7"
0,"3"
0,"9"
253,"6"
229,"0"
0,"8"
0,"6"
83,"4"
0,"8"
0,"7"
0,"7"
69,"9"
0,"3"
0,"8"
0,"6"
0,"9"
136,"7"
0,"2"
71,"3"
29,"4"
253,"0"
0,"2"
0,"1"
254,"5"
50,"3"
0,"5"
0,"5"
148,"7"
0,"2"
0,"4"
0,"4"
0,"7"
0,"2"
0,"8"
0,"3"
240,"0"
0,"8"
254,"7"
81,"8"
80,"4"
128,"0"
0,"8"
0,"4"
166,"4"
253,"5"
185,"8"
0,"5"
0,"6"
57,"6"
253,"3"
0,"0"
69,"9"
0,"3"
0,"7"
0,"6"
100,"8"
0,"9"
0,"3"
253,"4"
0,"9"
89,"5"
0,"8"
35,"9"
0,"1"
0,"2"
0,"8"
0,"8"
237,"6"
0,"8"
0,"1"
243,"3"
0,"7"
72,"9"
253,"0"
0,"1"
0,"1"
253,"9"
0,"7"
0,"0"
0,"8"
0,"1"
84,"7"
0,"4"
162,"5"
0,"7"
0,"1"
0,"2"
0,"1"
0,"1"
0,"3"
254,"9"
0,"6"
0,"2"
0,"1"
64,"2"
0,"6"
0,"8"
211,"7"
255,"6"
0,"6"
31,"9"
0,"3"
0,"7"
201,"0"
0,"5"
0,"2"
252,"8"
0,"0"
0,"5"
0,"4"
12,"3"
0,"8"
0,"4"
47,"6"
0,"6"
57,"2"
0,"7"
0,"9"
0,"5"
0,"1"
3,"3"
0,"2"
45,"4"
227,"3"
253,"6"
0,"1"
0,"9"
0,"4"
70,"4"
0,"7"
0,"6"
0,"5"
0,"4"
0,"1"
0,"9"
0,"9"
64,"2"
0,"7"
0,"8"
0,"0"
0,"1"
251,"3"
253,"6"
0,"1"
0,"3"
0,"4"
0,"1"
0,"1"
0,"1"
0,"5"
179,"6"
126,"0"
41,"7"
21,"0"
0,"7"
0,"2"
44,"3"
0,"2"
75,"5"
3,"2"
0,"2"
0,"9"
0,"4"
0,"9"
0,"8"
0,"1"
254,"2"
0,"1"
0,"6"
0,"1"
0,"2"
253,"7"
16,"4"
0,"0"
128,"0"
254,"0"
58,"8"
0,"2"
0,"2"
0,"9"
0,"2"
0,"2"
0,"4"
0,"9"
253,"9"
0,"2"
0,"7"
82,"5"
0,"1"
143,"3"
203,"4"
66,"9"
0,"4"
0,"1"
0,"8"
74,"5"
70,"6"
0,"2"
244,"8"
0,"3"
0,"1"
0,"2"
120,"8"
0,"4"
30,"9"
0,"9"
0,"3"
0,"7"
0,"0"
0,"7"
254,"7"
0,"2"
253,"3"
0,"8"
53,"4"
0,"0"
7,"3"
25,"9"
81,"9"
0,"8"
163,"4"
0,"1"
0,"0"
64,"6"
228,"0"
0,"9"
254,"6"
0,"8"
0,"6"
0,"1"
0,"1"
0,"9"
0,"8"
208,"9"
0,"2"
81,"3"
0,"5"
0,"5"
2,"9"
245,"4"
0,"2"
0,"1"
0,"9"
0,"4"
0,"3"
27,"9"
0,"6"
238,"0"
0,"4"
253,"0"
173,"6"
26,"0"
0,"1"
0,"2"
0,"3"
253,"4"
0,"7"
0,"8"
114,"9"
0,"0"
0,"1"
0,"2"
249,"3"
119,"4"
0,"7"
0,"8"
26,"9"
0,"0"
0,"1"
0,"2"
253,"3"
197,"4"
0,"5"
0,"6"
0,"7"
0,"8"
59,"9"
0,"8"
0,"3"
77,"4"
0,"7"
0,"8"
43,"6"
97,"3"
189,"4"
173,"0"
126,"9"
64,"7"
0,"1"
33,"9"
0,"3"
0,"8"
37,"4"
0,"7"
0,"3"
0,"0"
26,"9"
0,"1"
35,"4"
0,"5"
43,"4"
61,"6"
0,"2"
32,"0"
0,"6"
66,"2"
0,"1"
0,"1"
0,"1"
0,"1"
0,"7"
178,"2"
0,"4"
241,"7"
0,"5"
44,"2"
4,"9"
0,"4"
0,"5"
0,"8"
244,"4"
228,"2"
32,"9"
0,"7"
0,"0"
250,"0"
0,"7"
0,"5"
0,"1"
0,"1"
5,"7"
0,"6"
12,"6"
0,"6"
0,"8"
0,"2"
0,"2"
0,"7"
0,"7"
0,"4"
211,"0"
0,"2"
0,"4"
0,"2"
0,"1"
0,"8"
0,"9"
223,"6"
0,"1"
181,"0"
0,"5"
102,"9"
0,"6"
0,"9"
0,"8"
197,"0"
43,"3"
0,"0"
0,"8"
255,"3"
0,"9"
146,"6"
0,"3"
0,"0"
0,"1"
0,"2"
129,"3"
70,"4"
252,"5"
0,"6"
0,"7"
47,"0"
0,"1"
0,"2"
253,"3"
0,"4"
0,"5"
129,"6"
0,"7"
1,"8"
0,"9"
0,"0"
0,"1"
0,"2"
0,"3"
139,"4"
27,"5"
253,"6"
167,"7"
0,"8"
0,"5"
0,"4"
0,"8"
31,"7"
0,"4"
176,"7"
20,"7"
0,"3"
0,"9"
0,"8"
0,"8"
0,"3"
0,"1"
253,"5"
0,"8"
0,"2"
0,"7"
254,"4"
0,"2"
0,"1"
0,"5"
252,"4"
0,"5"
0,"5"
0,"8"
246,"6"
0,"4"
254,"4"
225,"4"
0,"1"
0,"8"
0,"7"
253,"5"
137,"5"
0,"1"
0,"8"
254,"9"
0,"1"
0,"3"
170,"6"
0,"3"
0,"3"
0,"2"
0,"2"
171,"6"
0,"9"
187,"9"
186,"6"
0,"5"
0,"5"
0,"3"
0,"3"
0,"8"
0,"1"
237,"6"
0,"5"
198,"6"
0,"8"
0,"1"
0,"9"
0,"7"
233,"6"
0,"8"
0,"3"
79,"7"
175,"4"
0,"7"
0,"0"
91,"9"
8,"0"
0,"0"
0,"3"
0,"7"
0,"9"
0,"3"
0,"0"
0,"2"
0,"0"
0,"1"
230,"0"
0,"1"
25,"0"
213,"4"
229,"0"
0,"1"
0,"0"
0,"4"
0,"7"
0,"9"
254,"6"
0,"2"
91,"6"
0,"2"
0,"2"
0,"9"
0,"9"
253,"0"
0,"1"
0,"2"
255,"3"
203,"4"
219,"5"
254,"6"
20,"7"
4,"8"
21,"9"
230,"0"
0,"1"
253,"2"
253,"3"
116,"4"
252,"5"
253,"6"
253,"7"
40,"8"
252,"9"
194,"0"
0,"1"
255,"2"
253,"3"
253,"4"
116,"5"
255,"6"
253,"7"
35,"0"
0,"9"
0,"8"
253,"0"
253,"5"
236,"6"
252,"6"
150,"0"
0,"8"
253,"0"
252,"2"
252,"3"
252,"7"
22,"9"
0,"4"
239,"7"
0,"1"
94,"9"
0,"1"
252,"7"
0,"1"
179,"4"
191,"0"
253,"0"
0,"4"
0,"1"
139,"7"
204,"5"
105,"7"
0,"1"
255,"3"
252,"3"
131,"3"
0,"1"
251,"6"
252,"9"
230,"7"
0,"4"
0,"3"
68,"0"
206,"2"
181,"5"
224,"2"
79,"6"
242,"0"
0,"8"
219,"9"
0,"4"
42,"3"
254,"5"
255,"4"
0,"8"
0,"1"
252,"5"
253,"9"
182,"0"
254,"6"
113,"4"
0,"3"
253,"6"
102,"3"
0,"3"
0,"8"
0,"1"
254,"4"
7,"7"
252,"5"
159,"7"
146,"2"
253,"2"
241,"0"
11,"0"
0,"1"
16,"7"
0,"7"
254,"9"
0,"5"
0,"9"
0,"8"
252,"9"
253,"6"
0,"8"
0,"8"
253,"2"
253,"3"
252,"6"
0,"1"
241,"2"
20,"9"
0,"8"
151,"9"
113,"5"
254,"2"
21,"6"
253,"2"
0,"4"
0,"8"
0,"4"
2,"6"
85,"5"
253,"0"
0,"1"
21,"5"
105,"6"
0,"7"
0,"8"
0,"9"
40,"0"
0,"1"
0,"2"
66,"3"
0,"4"
253,"5"
5,"6"
25,"7"
0,"8"
0,"9"
0,"0"
0,"1"
0,"2"
250,"3"
254,"4"
0,"5"
0,"6"
253,"7"
0,"8"
0,"9"
0,"7"
254,"4"
0,"2"
0,"0"
0,"9"
8,"0"
0,"1"
235,"5"
0,"8"
0,"8"
255,"0"
55,"2"
135,"7"
0,"8"
207,"4"
57,"4"
27,"6"
0,"1"
0,"0"
253,"4"
250,"5"
0,"3"
0,"9"
230,"4"
0,"2"
0,"0"
0,"5"
0,"0"
0,"1"
253,"3"
0,"2"
186,"9"
0,"8"
0,"6"
17,"0"
0,"1"
0,"1"
0,"8"
0,"0"
253,"4"
254,"7"
78,"7"
69,"6"
179,"3"
0,"6"
2,"0"
0,"7"
233,"3"
254,"5"
254,"4"
0,"2"
252,"4"
0,"1"
0,"8"
218,"3"
0,"5"
0,"6"
239,"7"
185,"0"
3,"6"
15,"7"
0,"1"
22,"2"
230,"5"
0,"8"
0,"1"
59,"9"
187,"3"
0,"8"
0,"2"
0,"3"
0,"7"
135,"6"
0,"7"
0,"1"
253,"4"
0,"6"
0,"2"
228,"9"
21,"3"
168,"0"
0,"1"
0,"2"
254,"3"
255,"4"
252,"5"
38,"6"
0,"7"
137,"0"
0,"1"
0,"2"
179,"3"
196,"4"
252,"5"
253,"0"
0,"1"
0,"2"
254,"8"
0,"9"
0,"1"
253,"4"
254,"0"
12,"9"
252,"5"
255,"0"
252,"8"
94,"0"
0,"7"
0,"7"
0,"1"
0,"1"
0,"2"
0,"9"
255,"3"
0,"6"
21,"7"
0,"2"
255,"3"
253,"8"
0,"1"
0,"2"
0,"9"
244,"8"
252,"8"
74,"7"
0,"1"
0,"7"
0,"1"
0,"1"
116,"0"
255,"3"
94,"4"
0,"2"
0,"6"
90,"4"
25,"7"
24,"4"
0,"2"
0,"7"
253,"4"
0,"9"
0,"1"
255,"0"
28,"6"
253,"9"
253,"5"
0,"5"
235,"5"
255,"3"
253,"5"
0,"9"
21,"7"
254,"4"
0,"8"
167,"5"
30,"9"
0,"6"
24,"9"
252,"3"
0,"0"
213,"3"
28,"8"
55,"9"
0,"1"
0,"8"
0,"1"
252,"6"
245,"0"
0,"0"
0,"1"
0,"2"
193,"3"
213,"4"
0,"5"
254,"6"
0,"7"
0,"6"
0,"9"
0,"0"
0,"1"
0,"2"
252,"3"
254,"4"
0,"5"
0,"6"
148,"7"
0,"8"
0,"9"
0,"0"
0,"1"
0,"2"
253,"3"
0,"4"
0,"5"
116,"6"
51,"7"
0,"8"
0,"9"
253,"3"
0,"5"
159,"3"
0,"2"
0,"9"
253,"3"
0,"2"
0,"1"
254,"4"
0,"5"
0,"5"
30,"3"
0,"3"
0,"2"
0,"1"
252,"3"
69,"9"
0,"7"
0,"2"
0,"5"
0,"2"
0,"8"
0,"9"
0,"1"
0,"8"
0,"8"
0,"7"
0,"8"
0,"1"
164,"0"
64,"0"
0,"7"
0,"7"
0,"8"
0,"7"
0,"5"
6,"0"
231,"6"
0,"1"
253,"5"
7,"7"
213,"4"
91,"6"
0,"1"
0,"2"
0,"5"
0,"0"
5,"7"
3,"9"
214,"9"
0,"0"
253,"3"
0,"8"
170,"4"
108,"4"
0,"8"
0,"1"
0,"8"
255,"6"
0,"5"
120,"9"
0,"0"
0,"0"
0,"0"
128,"3"
0,"7"
0,"1"
35,"6"
243,"4"
0,"2"
233,"6"
0,"6"
0,"0"
0,"4"
0,"5"
254,"4"
0,"1"
0,"3"
0,"8"
213,"6"
254,"3"
0,"9"
0,"9"
0,"5"
0,"9"
253,"3"
0,"7"
0,"8"
0,"5"
112,"6"
67,"4"
0,"7"
128,"6"
0,"2"
0,"2"
0,"0"
253,"9"
73,"4"
253,"0"
0,"1"
0,"2"
197,"3"
253,"4"
148,"5"
253,"6"
100,"7"
0,"8"
0,"9"
253,"0"
0,"1"
0,"2"
0,"2"
0,"5"
253,"6"
255,"0"
0,"1"
12,"2"
253,"3"
0,"4"
2,"5"
140,"6"
0,"8"
0,"7"
0,"1"
253,"3"
0,"2"
252,"2"
253,"0"
20,"7"
97,"5"
178,"9"
253,"9"
0,"6"
221,"0"
253,"9"
193,"4"
0,"1"
252,"3"
253,"2"
0,"1"
150,"2"
255,"3"
0,"8"
0,"3"
0,"2"
253,"6"
123,"5"
207,"6"
252,"8"
0,"2"
0,"7"
0,"4"
0,"8"
0,"1"
46,"8"
253,"0"
0,"5"
0,"3"
0,"9"
253,"4"
0,"1"
253,"9"
0,"2"
0,"1"
219,"9"
135,"6"
25,"7"
252,"9"
203,"0"
107,"4"
253,"6"
0,"1"
0,"7"
0,"3"
0,"8"
0,"7"
0,"2"
252,"9"
0,"0"
110,"5"
0,"8"
232,"3"
77,"9"
96,"0"
0,"5"
0,"7"
0,"1"
137,"6"
0,"1"
253,"0"
66,"9"
11,"3"
212,"3"
253,"4"
199,"4"
232,"0"
170,"6"
25,"2"
191,"5"
247,"4"
0,"2"
0,"3"
255,"4"
55,"6"
199,"0"
253,"0"
0,"2"
0,"0"
0,"1"
133,"4"
253,"5"
198,"6"
0,"7"
0,"8"
0,"9"
3,"0"
0,"1"
0,"2"
12,"3"
172,"4"
0,"5"
0,"6"
196,"7"
0,"8"
253,"0"
0,"1"
0,"2"
253,"3"
0,"4"
253,"5"
207,"6"
0,"7"
0,"8"
0,"9"
0,"8"
0,"7"
0,"1"
225,"3"
0,"7"
250,"5"
0,"2"
0,"8"
253,"0"
111,"7"
252,"5"
0,"9"
41,"9"
253,"0"
124,"9"
0,"1"
0,"1"
226,"5"
0,"8"
0,"8"
254,"6"
197,"3"
0,"2"
0,"1"
0,"8"
203,"3"
0,"2"
0,"6"
245,"5"
225,"6"
254,"7"
119,"4"
0,"1"
248,"0"
50,"5"
224,"3"
0,"1"
0,"9"
0,"2"
0,"1"
0,"9"
205,"6"
253,"0"
134,"4"
243,"6"
0,"1"
0,"7"
0,"3"
0,"8"
126,"7"
0,"2"
0,"9"
0,"6"
252,"5"
0,"8"
0,"3"
0,"5"
0,"7"
0,"1"
254,"6"
0,"1"
252,"0"
0,"9"
182,"6"
0,"2"
253,"5"
0,"4"
0,"2"
111,"3"
226,"4"
217,"4"
254,"6"
253,"0"
0,"0"
0,"2"
0,"0"
0,"1"
217,"2"
128,"3"
252,"9"
253,"5"
253,"6"
0,"7"
191,"8"
37,"9"
12,"0"
0,"1"
0,"2"
134,"3"
0,"4"
141,"5"
252,"6"
30,"7"
205,"8"
0,"9"
0,"0"
0,"1"
0,"2"
236,"3"
22,"4"
187,"5"
251,"6"
0,"7"
245,"8"
0,"9"
253,"8"
253,"6"
255,"5"
0,"0"
252,"6"
193,"8"
0,"9"
0,"4"
0,"1"
0,"9"
253,"3"
247,"8"
252,"0"
0,"4"
82,"8"
0,"9"
0,"1"
19,"4"
253,"0"
255,"5"
253,"5"
253,"2"
0,"1"
253,"5"
0,"4"
253,"0"
0,"7"
0,"6"
106,"0"
0,"1"
0,"7"
0,"0"
254,"6"
65,"8"
253,"9"
204,"5"
0,"1"
102,"7"
0,"9"
4,"8"
253,"6"
253,"0"
236,"8"
0,"1"
0,"7"
0,"7"
0,"1"
255,"3"
0,"2"
255,"3"
0,"1"
82,"4"
0,"2"
15,"0"
0,"0"
0,"7"
0,"8"
0,"4"
0,"6"
0,"4"
0,"9"
50,"3"
103,"8"
213,"4"
0,"7"
0,"2"
254,"5"
253,"6"
191,"3"
239,"6"
0,"9"
116,"6"
95,"3"
252,"0"
39,"2"
0,"4"
182,"6"
0,"9"
254,"0"
0,"2"
0,"9"
253,"5"
0,"1"
252,"9"
215,"3"
0,"9"
0,"7"
0,"8"
0,"7"
0,"2"
0,"2"
253,"3"
0,"7"
0,"9"
252,"8"
0,"2"
0,"1"
227,"3"
0,"1"
253,"3"
150,"0"
0,"1"
0,"2"
253,"3"
242,"4"
211,"5"
84,"6"
84,"7"
254,"8"
253,"9"
21,"0"
0,"1"
0,"2"
253,"3"
255,"4"
0,"5"
255,"6"
93,"7"
253,"2"
253,"9"
0,"0"
0,"1"
0,"2"
252,"3"
246,"4"
0,"5"
253,"6"
228,"7"
253,"8"
252,"9"
0,"1"
0,"2"
93,"6"
0,"5"
128,"3"
0,"0"
0,"7"
0,"0"
253,"4"
0,"1"
253,"4"
255,"3"
54,"6"
16,"7"
0,"2"
253,"3"
0,"1"
0,"2"
0,"1"
0,"2"
254,"9"
0,"6"
0,"0"
0,"1"
193,"3"
0,"0"
0,"2"
128,"7"
0,"5"
213,"7"
215,"6"
0,"2"
253,"9"
0,"1"
253,"9"
0,"0"
5,"6"
0,"0"
0,"6"
21,"0"
0,"2"
18,"0"
253,"6"
0,"1"
0,"5"
22,"8"
252,"4"
250,"3"
0,"0"
0,"1"
0,"5"
253,"4"
253,"4"
23,"8"
0,"5"
0,"7"
0,"5"
0,"7"
138,"8"
253,"3"
252,"4"
252,"8"
253,"8"
232,"5"
0,"2"
253,"9"
0,"7"
0,"1"
0,"3"
0,"8"
0,"1"
0,"0"
44,"7"
253,"5"
255,"9"
198,"6"
253,"9"
253,"4"
0,"7"
0,"7"
105,"9"
254,"9"
252,"3"
253,"4"
252,"4"
47,"3"
252,"8"
191,"6"
0,"2"
252,"0"
0,"1"
66,"2"
0,"3"
0,"4"
0,"5"
135,"6"
63,"7"
0,"8"
0,"9"
12,"0"
0,"1"
53,"2"
253,"3"
201,"4"
253,"5"
0,"6"
0,"7"
0,"8"
74,"9"
74,"0"
0,"1"
29,"2"
124,"3"
0,"4"
64,"5"
220,"6"
0,"7"
0,"8"
157,"9"
33,"0"
0,"8"
40,"3"
0,"9"
0,"5"
253,"5"
0,"2"
237,"6"
0,"8"
40,"4"
0,"9"
0,"1"
34,"7"
0,"1"
0,"2"
252,"3"
21,"5"
253,"9"
253,"6"
31,"9"
0,"1"
0,"1"
0,"1"
249,"2"
0,"9"
0,"5"
253,"6"
0,"8"
0,"1"
21,"2"
252,"0"
47,"7"
204,"7"
0,"5"
0,"8"
191,"2"
0,"9"
0,"8"
0,"9"
253,"0"
0,"4"
254,"6"
0,"7"
0,"1"
0,"3"
0,"4"
253,"5"
121,"6"
0,"0"
128,"3"
34,"6"
0,"8"
252,"7"
253,"0"
0,"4"
33,"2"
0,"7"
121,"4"
165,"7"
50,"5"
0,"4"
231,"3"
233,"4"
191,"2"
0,"8"
0,"1"
253,"5"
0,"1"
0,"2"
64,"0"
0,"2"
0,"5"
253,"6"
0,"4"
151,"3"
253,"0"
253,"0"
216,"0"
253,"3"
253,"3"
253,"5"
127,"7"
144,"0"
159,"6"
0,"4"
0,"8"
0,"8"
254,"6"
250,"3"
230,"4"
0,"6"
59,"9"
252,"9"
14,"8"
252,"2"
0,"7"
0,"7"
0,"1"
33,"0"
0,"1"
253,"2"
0,"3"
254,"4"
206,"5"
193,"6"
150,"7"
0,"8"
0,"9"
0,"0"
0,"1"
69,"2"
25,"3"
254,"4"
78,"5"
0,"6"
255,"7"
0,"8"
0,"0"
0,"1"
124,"2"
253,"3"
253,"4"
252,"5"
7,"6"
253,"7"
0,"8"
0,"2"
0,"1"
0,"7"
193,"2"
11,"5"
181,"0"
0,"8"
241,"0"
253,"2"
0,"7"
0,"8"
0,"8"
253,"3"
0,"6"
103,"0"
253,"2"
253,"7"
0,"6"
0,"6"
0,"1"
221,"2"
0,"8"
0,"8"
253,"7"
0,"7"
172,"4"
253,"7"
80,"7"
226,"3"
92,"7"
204,"4"
0,"5"
254,"4"
156,"3"
0,"3"
0,"8"
215,"4"
0,"1"
0,"1"
0,"9"
0,"7"
253,"4"
0,"3"
6,"7"
81,"3"
253,"3"
241,"0"
252,"2"
253,"5"
255,"5"
0,"6"
0,"6"
252,"3"
243,"5"
255,"2"
41,"5"
0,"9"
106,"9"
0,"8"
208,"4"
0,"1"
249,"0"
0,"6"
255,"0"
0,"9"
0,"6"
0,"8"
0,"8"
192,"5"
0,"6"
0,"1"
0,"1"
170,"9"
0,"8"
0,"9"
137,"2"
253,"3"
0,"5"
0,"5"
254,"9"
235,"4"
0,"2"
0,"1"
0,"9"
226,"3"
0,"9"
226,"2"
182,"0"
0,"6"
241,"0"
38,"4"
229,"0"
0,"0"
0,"1"
128,"2"
0,"3"
234,"4"
0,"7"
0,"8"
0,"9"
0,"0"
0,"1"
0,"2"
85,"3"
0,"7"
0,"8"
69,"9"
253,"0"
0,"1"
139,"2"
232,"3"
221,"4"
0,"7"
0,"8"
206,"9"
74,"7"
25,"3"
253,"0"
253,"3"
0,"1"
0,"8"
0,"7"
0,"6"
249,"4"
32,"0"
63,"2"
0,"6"
0,"8"
127,"3"
255,"2"
0,"8"
0,"1"
7,"2"
252,"0"
0,"7"
0,"1"
253,"0"
0,"4"
57,"4"
0,"5"
0,"8"
234,"0"
247,"6"
0,"2"
215,"3"
0,"1"
0,"5"
0,"1"
0,"8"
0,"5"
11,"9"
236,"4"
252,"0"
0,"7"
0,"5"
0,"8"
0,"8"
253,"3"
37,"8"
0,"9"
74,"2"
255,"6"
47,"2"
0,"5"
253,"3"
0,"1"
0,"7"
0,"3"
252,"9"
0,"1"
158,"9"
0,"9"
255,"6"
83,"0"
63,"3"
95,"9"
0,"2"
0,"8"
0,"1"
228,"4"
253,"3"
0,"5"
56,"2"
0,"9"
0,"2"
0,"5"
0,"8"
123,"9"
0,"5"
0,"0"
0,"1"
0,"2"
175,"4"
0,"5"
0,"6"
0,"0"
0,"1"
0,"2"
0,"3"
5,"4"
0,"5"
253,"6"
0,"7"
0,"1"
0,"2"
223,"3"
253,"4"
62,"5"
0,"1"
0,"0"
228,"4"
145,"5"
253,"6"
0,"6"
21,"3"
175,"4"
179,"4"
0,"2"
174,"9"
0,"1"
0,"0"
0,"6"
61,"2"
183,"7"
0,"7"
0,"2"
56,"3"
0,"3"
67,"9"
0,"2"
18,"0"
0,"9"
0,"3"
0,"3"
0,"7"
0,"7"
76,"5"
253,"2"
158,"3"
0,"7"
0,"7"
0,"8"
105,"4"
0,"0"
0,"2"
0,"4"
68,"0"
11,"2"
0,"4"
0,"7"
0,"8"
255,"0"
7,"7"
0,"0"
79,"6"
98,"9"
0,"3"
96,"2"
0,"8"
163,"6"
253,"7"
73,"3"
0,"7"
0,"5"
0,"1"
130,"0"
254,"4"
0,"1"
30,"6"
39,"7"
0,"2"
0,"9"
0,"7"
0,"9"
0,"5"
0,"8"
230,"6"
173,"2"
205,"6"
253,"2"
0,"8"
0,"1"
252,"7"
0,"5"
254,"0"
0,"1"
0,"1"
14,"3"
0,"8"
0,"4"
0,"9"
0,"1"
0,"8"
253,"6"
0,"8"
0,"9"
252,"0"
0,"1"
207,"2"
7,"3"
0,"4"
0,"5"
254,"6"
20,"7"
0,"8"
0,"9"
3,"0"
0,"1"
0,"2"
0,"3"
0,"4"
0,"7"
0,"8"
0,"9"
0,"2"
0,"1"
0,"7"
0,"8"
0,"9"
0,"9"
0,"8"
0,"9"
0,"8"
0,"4"
0,"1"
209,"7"
0,"7"
211,"3"
253,"3"
65,"7"
226,"6"
2,"6"
186,"6"
38,"1"
0,"9"
236,"0"
0,"1"
92,"7"
229,"6"
38,"3"
0,"2"
0,"1"
0,"7"
0,"1"
114,"3"
0,"9"
0,"1"
0,"7"
77,"6"
0,"8"
197,"4"
0,"1"
128,"4"
0,"3"
0,"6"
17,"9"
254,"6"
0,"1"
0,"4"
74,"4"
0,"7"
240,"2"
0,"4"
0,"4"
254,"0"
0,"1"
37,"2"
253,"3"
253,"4"
189,"5"
253,"6"
29,"7"
0,"8"
77,"9"
141,"0"
0,"1"
152,"2"
255,"3"
251,"4"
0,"5"
252,"6"
230,"9"
176,"0"
0,"1"
254,"2"
252,"3"
253,"4"
67,"7"
0,"8"
0,"1"
253,"3"
252,"5"
0,"1"
0,"7"
0,"7"
0,"2"
0,"1"
250,"4"
0,"8"
255,"3"
255,"4"
161,"4"
38,"3"
253,"9"
0,"7"
252,"4"
0,"1"
243,"2"
253,"3"
0,"5"
145,"9"
0,"1"
255,"6"
255,"0"
0,"1"
255,"0"
46,"0"
45,"2"
56,"3"
35,"7"
0,"1"
0,"1"
252,"4"
241,"0"
191,"4"
64,"7"
255,"3"
228,"6"
0,"8"
253,"0"
253,"3"
0,"7"
137,"4"
7,"0"
253,"6"
255,"9"
253,"2"
253,"6"
0,"5"
0,"8"
109,"6"
12,"9"
252,"0"
110,"4"
179,"0"
253,"6"
0,"6"
253,"9"
59,"2"
199,"0"
0,"9"
0,"5"
0,"1"
175,"3"
0,"7"
156,"6"
0,"9"
253,"3"
253,"0"
102,"2"
253,"2"
0,"0"
0,"1"
0,"2"
253,"3"
253,"4"
253,"5"
128,"6"
0,"7"
0,"8"
0,"9"
26,"0"
0,"1"
0,"2"
243,"3"
225,"4"
252,"5"
254,"6"
76,"7"
0,"8"
0,"9"
252,"0"
0,"1"
0,"2"
253,"3"
38,"4"
0,"5"
244,"6"
0,"7"
0,"8"
0,"9"
0,"2"
0,"1"
0,"7"
0,"2"
253,"5"
220,"0"
0,"8"
168,"0"
0,"2"
0,"7"
0,"8"
233,"8"
252,"3"
253,"0"
0,"6"
128,"0"
0,"2"
0,"7"
124,"6"
245,"6"
0,"1"
0,"2"
0,"8"
0,"8"
0,"7"
0,"7"
195,"4"
254,"7"
0,"7"
225,"3"
22,"7"
181,"4"
254,"5"
253,"4"
86,"3"
250,"3"
0,"8"
218,"4"
253,"5"
164,"4"
0,"1"
0,"1"
0,"9"
27,"7"
59,"4"
252,"3"
0,"7"
240,"3"
146,"3"
252,"0"
0,"2"
161,"5"
253,"5"
0,"6"
10,"3"
0,"1"
0,"5"
0,"2"
254,"5"
0,"9"
0,"9"
0,"8"
143,"4"
0,"1"
126,"0"
18,"6"
254,"0"
0,"9"
98,"6"
61,"8"
0,"8"
0,"5"
253,"6"
0,"1"
0,"1"
0,"9"
0,"8"
0,"9"
0,"2"
141,"3"
0,"5"
0,"5"
0,"9"
253,"4"
0,"2"
0,"1"
0,"9"
226,"4"
7,"9"
0,"1"
37,"3"
0,"9"
0,"2"
223,"0"
150,"6"
246,"0"
253,"4"
168,"0"
237,"4"
252,"0"
0,"1"
0,"2"
212,"3"
86,"4"
0,"5"
230,"6"
89,"7"
0,"8"
0,"9"
215,"0"
0,"1"
0,"2"
150,"3"
33,"4"
8,"5"
252,"6"
188,"9"
0,"8"
0,"9"
179,"0"
0,"1"
0,"2"
0,"3"
26,"4"
0,"5"
121,"6"
0,"7"
0,"8"
34,"9"
0,"3"
0,"8"
253,"0"
0,"7"
0,"1"
253,"0"
6,"7"
253,"5"
0,"5"
254,"6"
0,"9"
252,"0"
0,"1"
255,"0"
124,"0"
0,"8"
253,"3"
0,"4"
252,"3"
0,"1"
102,"5"
255,"0"
253,"0"
0,"9"
82,"5"
99,"3"
0,"4"
24,"9"
252,"3"
0,"7"
252,"6"
0,"9"
0,"2"
0,"4"
191,"5"
169,"7"
128,"2"
158,"6"
254,"4"
0,"9"
0,"4"
0,"9"
26,"4"
0,"1"
79,"2"
73,"2"
165,"5"
0,"8"
0,"1"
86,"3"
33,"2"
62,"9"
0,"4"
0,"3"
0,"8"
40,"2"
7,"2"
0,"1"
243,"2"
0,"8"
221,"6"
13,"5"
0,"1"
181,"6"
0,"7"
171,"2"
0,"1"
254,"3"
0,"9"
142,"3"
0,"8"
0,"7"
0,"5"
0,"7"
253,"0"
0,"7"
0,"4"
0,"8"
7,"8"
112,"5"
125,"0"
92,"6"
98,"6"
255,"3"
32,"7"
0,"6"
0,"9"
0,"9"
0,"4"
0,"8"
0,"4"
0,"1"
255,"0"
183,"6"
244,"6"
253,"0"
0,"1"
60,"2"
0,"3"
54,"4"
0,"5"
253,"6"
25,"7"
0,"8"
0,"9"
0,"0"
0,"1"
0,"2"
0,"3"
241,"4"
0,"5"
255,"6"
252,"7"
0,"8"
41,"9"
247,"0"
0,"1"
0,"2"
0,"3"
252,"4"
0,"5"
7,"6"
143,"7"
0,"8"
0,"9"
0,"7"
168,"4"
199,"0"
0,"4"
248,"0"
0,"1"
75,"7"
65,"9"
0,"5"
0,"1"
211,"4"
0,"2"
0,"8"
0,"9"
81,"4"
0,"3"
0,"7"
0,"8"
14,"2"
86,"4"
0,"4"
0,"3"
4,"3"
253,"6"
0,"9"
0,"9"
0,"5"
0,"8"
249,"6"
0,"7"
253,"0"
252,"6"
0,"8"
13,"2"
190,"6"
0,"3"
0,"9"
0,"3"
0,"2"
0,"8"
254,"6"
0,"1"
0,"7"
0,"4"
0,"8"
0,"8"
0,"9"
252,"0"
0,"3"
0,"3"
0,"9"
255,"0"
0,"5"
241,"2"
0,"9"
203,"4"
0,"1"
253,"0"
0,"3"
9,"7"
0,"5"
0,"8"
222,"7"
210,"7"
0,"8"
180,"2"
0,"9"
25,"7"
0,"1"
11,"2"
6,"6"
137,"4"
35,"2"
0,"5"
6,"2"
0,"3"
253,"6"
245,"6"
0,"5"
253,"0"
60,"0"
252,"2"
0,"8"
0,"1"
253,"6"
0,"1"
253,"0"
188,"4"
0,"3"
0,"1"
253,"6"
0,"1"
0,"9"
0,"0"
0,"1"
0,"4"
0,"5"
0,"6"
0,"7"
0,"8"
170,"9"
0,"1"
212,"2"
134,"3"
217,"4"
0,"5"
254,"6"
0,"7"
0,"0"
0,"1"
0,"2"
0,"3"
254,"4"
3,"5"
226,"6"
253,"7"
23,"8"
0,"9"
0,"8"
73,"4"
9,"0"
255,"0"
0,"7"
0,"2"
250,"4"
142,"3"
42,"8"
85,"6"
151,"6"
134,"3"
216,"7"
0,"6"
0,"3"
134,"3"
148,"3"
0,"1"
92,"4"
89,"7"
0,"8"
194,"0"
166,"3"
0,"1"
24,"9"
137,"0"
0,"1"
0,"9"
0,"1"
247,"2"
16,"7"
202,"0"
0,"1"
0,"3"
0,"8"
69,"2"
173,"9"
254,"2"
0,"7"
252,"6"
0,"5"
0,"5"
207,"9"
17,"9"
0,"8"
159,"2"
136,"9"
0,"1"
0,"3"
255,"2"
255,"3"
198,"4"
0,"3"
0,"1"
250,"9"
255,"0"
0,"9"
2,"3"
155,"6"
141,"8"
56,"7"
249,"0"
0,"1"
253,"0"
0,"5"
0,"8"
255,"2"
252,"7"
0,"7"
254,"0"
0,"1"
0,"2"
0,"3"
64,"4"
0,"5"
29,"6"
0,"7"
0,"8"
0,"9"
253,"0"
0,"1"
0,"2"
25,"3"
151,"4"
0,"5"
254,"6"
0,"7"
0,"8"
0,"9"
253,"0"
0,"1"
21,"2"
50,"3"
44,"4"
0,"5"
253,"6"
38,"7"
44,"8"
0,"9"
0,"1"
4,"7"
207,"4"
0,"8"
0,"1"
55,"5"
253,"6"
0,"5"
0,"7"
25,"2"
197,"8"
255,"6"
187,"3"
125,"3"
0,"8"
254,"6"
12,"5"
255,"4"
253,"0"
1,"9"
0,"1"
157,"7"
0,"2"
0,"9"
0,"1"
103,"5"
109,"1"
211,"3"
0,"2"
8,"2"
125,"3"
252,"0"
254,"6"
116,"4"
33,"3"
0,"7"
253,"6"
0,"9"
252,"0"
15,"4"
0,"8"
0,"1"
0,"4"
253,"0"
0,"6"
0,"1"
0,"2"
253,"6"
165,"9"
0,"2"
5,"2"
129,"3"
56,"5"
0,"5"
0,"1"
253,"0"
41,"7"
0,"7"
0,"9"
253,"6"
0,"2"
0,"9"
48,"4"
0,"7"
253,"0"
0,"2"
0,"3"
134,"4"
253,"0"
253,"0"
0,"8"
253,"8"
99,"8"
255,"5"
0,"1"
216,"3"
0,"7"
0,"4"
0,"9"
0,"8"
112,"8"
0,"9"
252,"0"
0,"9"
0,"8"
0,"9"
253,"0"
0,"2"
252,"6"
128,"5"
254,"6"
24,"7"
253,"4"
0,"7"
128,"5"
0,"4"
0,"1"
207,"3"
24,"5"
0,"3"
0,"1"
255,"2"
171,"3"
0,"4"
0,"5"
172,"6"
0,"1"
199,"2"
253,"3"
0,"4"
8,"6"
0,"0"
0,"1"
255,"2"
0,"4"
0,"5"
213,"6"
25,"7"
0,"8"
0,"1"
0,"7"
234,"2"
0,"4"
0,"1"
0,"4"
0,"1"
0,"4"
0,"9"
111,"6"
0,"8"
8,"4"
253,"5"
254,"3"
0,"7"
0,"8"
0,"8"
36,"3"
0,"3"
0,"5"
200,"6"
0,"7"
211,"0"
253,"6"
0,"1"
253,"6"
0,"8"
0,"7"
253,"0"
0,"1"
78,"5"
254,"0"
0,"8"
0,"5"
153,"0"
0,"1"
0,"5"
0,"8"
4,"4"
255,"2"
128,"3"
0,"9"
0,"7"
0,"6"
212,"9"
0,"1"
0,"9"
253,"0"
248,"6"
13,"7"
0,"1"
129,"2"
228,"3"
94,"9"
136,"2"
0,"4"
0,"5"
0,"5"
51,"3"
79,"7"
252,"5"
92,"3"
0,"1"
0,"8"
128,"2"
252,"2"
19,"3"
253,"0"
246,"2"
0,"9"
0,"4"
0,"9"
0,"7"
187,"0"
98,"2"
0,"7"
0,"4"
0,"9"
0,"9"
15,"2"
170,"5"
0,"9"
0,"8"
92,"3"
0,"8"
0,"6"
0,"7"
251,"0"
253,"0"
0,"1"
0,"2"
254,"3"
53,"4"
252,"5"
252,"6"
0,"7"
197,"6"
126,"9"
243,"0"
0,"1"
0,"2"
167,"3"
31,"4"
0,"5"
255,"6"
0,"7"
198,"8"
0,"9"
253,"0"
0,"1"
0,"2"
252,"3"
0,"4"
30,"5"
253,"6"
22,"7"
252,"8"
0,"9"
255,"0"
181,"0"
0,"7"
0,"2"
22,"6"
0,"5"
0,"5"
254,"3"
0,"7"
243,"3"
254,"6"
203,"6"
77,"6"
255,"6"
203,"4"
186,"3"
7,"8"
0,"8"
156,"3"
253,"0"
0,"1"
0,"9"
191,"0"
253,"5"
186,"4"
0,"1"
0,"9"
0,"1"
0,"2"
71,"7"
253,"0"
0,"1"
253,"3"
250,"8"
0,"2"
191,"9"
0,"2"
0,"7"
0,"4"
0,"2"
253,"6"
0,"5"
24,"5"
0,"9"
47,"9"
0,"1"
0,"1"
0,"5"
0,"7"
252,"6"
253,"8"
0,"2"
0,"9"
17,"4"
253,"3"
0,"1"
69,"9"
238,"0"
0,"9"
155,"3"
116,"6"
134,"8"
14,"7"
191,"0"
0,"1"
215,"0"
162,"5"
252,"8"
0,"2"
0,"7"
0,"7"
0,"0"
0,"1"
253,"2"
0,"3"
17,"4"
220,"5"
0,"6"
0,"7"
0,"8"
0,"9"
0,"0"
0,"1"
252,"2"
0,"3"
216,"4"
242,"5"
0,"8"
47,"9"
33,"0"
0,"1"
100,"2"
0,"3"
253,"4"
254,"5"
235,"6"
4,"7"
0,"8"
0,"9"
253,"2"
0,"1"
66,"2"
0,"1"
253,"3"
0,"9"
0,"9"
0,"8"
255,"5"
253,"3"
253,"7"
199,"0"
0,"7"
0,"7"
185,"5"
0,"7"
0,"9"
0,"9"
231,"4"
0,"7"
0,"0"
242,"3"
0,"4"
0,"1"
253,"5"
0,"8"
0,"1"
0,"4"
0,"8"
250,"4"
0,"1"
0,"8"
0,"6"
253,"6"
0,"4"
81,"6"
252,"0"
195,"5"
22,"5"
35,"3"
0,"3"
73,"5"
5,"7"
255,"2"
254,"5"
0,"9"
0,"6"
0,"9"
198,"2"
19,"6"
253,"2"
0,"1"
252,"2"
0,"0"
0,"8"
0,"3"
0,"8"
0,"3"
0,"0"
0,"8"
252,"7"
0,"4"
0,"9"
255,"5"
0,"0"
0,"9"
122,"7"
181,"0"
255,"0"
0,"4"
0,"6"
128,"0"
0,"9"
0,"1"
0,"6"
253,"2"
82,"7"
0,"6"
0,"8"
0,"3"
254,"5"
90,"2"
0,"1"
0,"8"
128,"3"
0,"8"
0,"6"
0,"1"
0,"0"
253,"2"
0,"1"
46,"4"
189,"0"
0,"1"
57,"2"
252,"3"
0,"4"
0,"5"
252,"6"
96,"7"
0,"8"
0,"9"
121,"0"
0,"1"
253,"2"
253,"3"
252,"4"
64,"5"
253,"6"
255,"7"
0,"8"
0,"9"
112,"0"
0,"1"
51,"2"
253,"3"
253,"4"
0,"5"
191,"6"
0,"7"
0,"8"
0,"9"
0,"7"
253,"6"
254,"4"
0,"7"
28,"6"
50,"2"
253,"3"
254,"4"
0,"8"
186,"7"
0,"8"
252,"6"
0,"9"
0,"8"
252,"3"
253,"2"
0,"2"
0,"8"
253,"4"
23,"8"
253,"5"
252,"6"
253,"5"
27,"0"
129,"2"
120,"0"
0,"1"
0,"1"
64,"2"
75,"9"
205,"6"
0,"8"
166,"2"
0,"1"
6,"0"
43,"6"
0,"5"
49,"2"
148,"9"
0,"7"
250,"5"
252,"3"
0,"9"
82,"3"
101,"7"
0,"1"
253,"8"
253,"3"
0,"8"
0,"1"
103,"9"
0,"5"
72,"5"
57,"0"
0,"1"
0,"1"
0,"9"
0,"8"
253,"2"
252,"6"
0,"0"
252,"4"
0,"5"
15,"0"
252,"3"
0,"1"
252,"8"
253,"6"
253,"7"
0,"5"
12,"9"
84,"9"
253,"3"
0,"0"
252,"3"
0,"1"
182,"4"
215,"4"
0,"0"
254,"4"
0,"9"
255,"0"
0,"1"
253,"2"
253,"3"
0,"5"
255,"6"
253,"7"
230,"8"
252,"0"
0,"1"
253,"2"
50,"3"
0,"5"
236,"6"
249,"7"
215,"8"
253,"9"
250,"0"
0,"1"
0,"2"
229,"2"
0,"5"
253,"6"
214,"7"
0,"8"
4,"9"
228,"9"
35,"7"
254,"0"
133,"9"
254,"0"
0,"1"
45,"5"
0,"8"
0,"8"
255,"0"
200,"9"
254,"3"
0,"2"
0,"7"
0,"8"
255,"4"
252,"6"
0,"1"
253,"0"
239,"4"
240,"9"
0,"4"
186,"2"
253,"0"
0,"5"
67,"0"
0,"1"
252,"6"
21,"9"
254,"3"
0,"2"
228,"9"
0,"1"
253,"6"
253,"0"
0,"1"
0,"1"
46,"8"
96,"7"
197,"8"
255,"6"
254,"3"
253,"6"
253,"0"
8,"7"
253,"2"
254,"4"
0,"1"
0,"7"
253,"0"
253,"6"
28,"7"
0,"1"
253,"2"
0,"6"
30,"8"
0,"1"
0,"8"
252,"2"
0,"8"
139,"7"
253,"6"
0,"8"
0,"7"
3,"1"
252,"6"
0,"2"
106,"9"
125,"3"
253,"0"
0,"1"
233,"2"
165,"3"
253,"4"
9,"5"
253,"6"
241,"7"
0,"8"
0,"9"
0,"0"
0,"1"
252,"2"
0,"3"
255,"4"
0,"5"
252,"6"
253,"7"
0,"8"
0,"9"
7,"0"
0,"1"
254,"2"
253,"3"
254,"4"
14,"5"
11,"6"
116,"7"
0,"8"
0,"9"
0,"8"
0,"9"
254,"5"
124,"7"
51,"0"
253,"3"
0,"1"
172,"6"
14,"8"
253,"4"
0,"1"
0,"5"
252,"6"
97,"4"
0,"2"
253,"7"
162,"8"
0,"1"
253,"3"
139,"4"
253,"3"
255,"4"
200,"7"
253,"2"
253,"0"
30,"5"
175,"0"
0,"1"
0,"9"
0,"2"
253,"3"
254,"2"
190,"3"
0,"5"
0,"5"
253,"7"
253,"8"
146,"4"
140,"9"
0,"9"
0,"7"
0,"1"
0,"1"
81,"9"
255,"0"
228,"7"
16,"8"
253,"3"
254,"4"
0,"8"
28,"6"
254,"3"
252,"8"
253,"0"
187,"9"
215,"6"
254,"2"
0,"8"
155,"0"
0,"1"
255,"0"
252,"6"
254,"2"
253,"3"
0,"8"
0,"9"
253,"0"
253,"7"
10,"2"
253,"3"
135,"4"
22,"5"
0,"5"
254,"2"
0,"8"
0,"5"
92,"4"
253,"6"
254,"6"
253,"6"
172,"7"
0,"9"
0,"1"
0,"8"
6,"2"
0,"1"
29,"5"
253,"3"
254,"4"
253,"7"
7,"9"
254,"4"
253,"0"
176,"0"
253,"0"
0,"1"
0,"2"
0,"3"
255,"4"
0,"5"
115,"6"
0,"7"
0,"8"
0,"9"
253,"0"
0,"1"
0,"2"
254,"3"
0,"4"
64,"5"
254,"6"
0,"7"
0,"8"
0,"9"
251,"0"
0,"1"
0,"2"
104,"3"
255,"4"
253,"5"
252,"6"
88,"9"
253,"0"
0,"1"
230,"3"
0,"1"
0,"5"
0,"1"
0,"2"
254,"4"
0,"9"
0,"8"
173,"4"
252,"6"
253,"8"
252,"0"
0,"1"
0,"1"
0,"9"
0,"2"
252,"6"
207,"6"
25,"8"
0,"7"
253,"4"
0,"2"
0,"9"
0,"7"
253,"0"
0,"2"
0,"1"
93,"0"
253,"3"
252,"6"
0,"0"
0,"1"
38,"2"
0,"3"
0,"4"
0,"5"
219,"6"
0,"7"
76,"8"
64,"9"
0,"0"
0,"1"
10,"2"
255,"3"
27,"4"
0,"5"
253,"6"
0,"7"
0,"8"
65,"9"
242,"0"
0,"1"
0,"2"
253,"3"
0,"4"
0,"5"
119,"6"
0,"7"
0,"8"
0,"9"
0,"8"
254,"6"
0,"5"
0,"9"
0,"7"
0,"0"
0,"2"
199,"3"
18,"4"
12,"3"
0,"8"
0,"5"
0,"1"
255,"5"
0,"2"
160,"3"
0,"0"
0,"1"
0,"2"
0,"1"
229,"3"
0,"2"
39,"6"
0,"5"
253,"3"
105,"0"
8,"7"
0,"2"
0,"7"
254,"4"
194,"6"
253,"4"
0,"0"
84,"5"
171,"9"
245,"9"
0,"8"
10,"9"
233,"5"
24,"3"
0,"1"
164,"7"
67,"4"
60,"7"
214,"6"
187,"5"
31,"4"
118,"0"
0,"0"
184,"0"
133,"6"
0,"2"
178,"0"
139,"6"
28,"3"
0,"7"
75,"7"
253,"4"
0,"4"
253,"3"
0,"9"
0,"2"
0,"8"
116,"9"
253,"6"
127,"0"
255,"9"
0,"5"
38,"3"
0,"8"
3,"8"
0,"7"
0,"1"
253,"4"
0,"0"
120,"4"
0,"8"
0,"5"
0,"2"
253,"3"
116,"9"
210,"0"
0,"1"
192,"9"
0,"1"
0,"5"
0,"1"
0,"7"
62,"4"
43,"8"
149,"6"
0,"2"
0,"1"
202,"6"
13,"8"
0,"8"
0,"0"
0,"1"
45,"2"
115,"5"
123,"4"
221,"7"
0,"8"
97,"9"
0,"0"
0,"1"
60,"2"
253,"3"
253,"4"
251,"6"
0,"7"
0,"8"
253,"9"
0,"0"
0,"1"
146,"2"
228,"3"
168,"4"
253,"7"
0,"8"
255,"9"
0,"1"
0,"4"
0,"5"
245,"3"
0,"3"
254,"0"
157,"9"
0,"5"
138,"4"
207,"8"
127,"0"
0,"8"
0,"4"
0,"6"
0,"7"
0,"0"
253,"7"
0,"7"
0,"1"
243,"6"
253,"9"
0,"1"
253,"3"
87,"6"
192,"2"
255,"3"
7,"8"
201,"2"
255,"3"
0,"8"
4,"9"
0,"5"
0,"8"
0,"8"
232,"7"
0,"1"
253,"7"
0,"1"
0,"1"
0,"0"
255,"3"
0,"4"
0,"2"
253,"6"
0,"4"
140,"7"
159,"4"
254,"2"
39,"2"
9,"4"
254,"2"
42,"9"
254,"2"
255,"7"
252,"9"
253,"2"
0,"1"
255,"0"
0,"2"
0,"5"
252,"3"
182,"4"
252,"8"
0,"5"
253,"9"
252,"6"
4,"9"
0,"0"
253,"6"
254,"3"
0,"0"
0,"8"
0,"1"
0,"6"
7,"0"
128,"0"
0,"1"
0,"2"
170,"3"
194,"4"
0,"5"
252,"6"
0,"7"
41,"0"
0,"1"
0,"4"
253,"3"
242,"4"
145,"7"
0,"8"
0,"9"
103,"0"
0,"1"
0,"2"
253,"3"
253,"4"
2,"7"
0,"2"
201,"5"
0,"1"
253,"6"
0,"4"
255,"3"
255,"9"
252,"9"
0,"0"
253,"9"
64,"7"
0,"9"
253,"6"
0,"4"
255,"3"
255,"6"
0,"2"
0,"0"
253,"9"
0,"8"
255,"6"
0,"5"
0,"7"
227,"0"
193,"0"
0,"1"
16,"7"
70,"4"
255,"3"
1,"2"
247,"4"
0,"1"
0,"3"
0,"7"
252,"6"
211,"4"
0,"7"
59,"7"
74,"7"
255,"9"
0,"8"
212,"4"
253,"3"
0,"6"
0,"2"
0,"8"
228,"3"
0,"5"
0,"8"
34,"0"
87,"5"
41,"4"
253,"7"
0,"1"
239,"3"
0,"1"
7,"7"
0,"9"
253,"6"
0,"2"
2,"0"
252,"9"
0,"1"
187,"7"
43,"3"
254,"3"
253,"9"
0,"1"
253,"6"
253,"4"
23,"3"
218,"9"
0,"8"
0,"2"
0,"1"
0,"8"
116,"6"
255,"4"
0,"1"
0,"5"
0,"5"
223,"6"
0,"5"
0,"0"
0,"1"
0,"2"
131,"3"
0,"4"
0,"5"
0,"6"
102,"7"
140,"0"
253,"9"
0,"0"
0,"1"
231,"2"
0,"3"
253,"4"
0,"5"
0,"6"
0,"7"
134,"8"
253,"9"
0,"0"
0,"1"
0,"2"
128,"3"
254,"4"
72,"5"
252,"6"
162,"7"
0,"8"
233,"9"
253,"6"
0,"9"
60,"7"
253,"0"
206,"2"
155,"3"
254,"4"
227,"3"
225,"8"
208,"5"
0,"1"
59,"3"
156,"0"
0,"1"
0,"2"
0,"1"
25,"3"
0,"2"
100,"0"
0,"7"
0,"2"
255,"6"
252,"4"
253,"0"
253,"5"
53,"9"
19,"9"
0,"8"
0,"9"
0,"5"
253,"3"
0,"1"
0,"7"
191,"4"
0,"7"
0,"0"
151,"0"
253,"6"
253,"6"
253,"6"
252,"3"
0,"7"
0,"4"
0,"2"
252,"8"
63,"9"
85,"8"
0,"7"
0,"1"
115,"9"
85,"0"
255,"4"
132,"8"
0,"5"
0,"2"
5,"3"
164,"9"
0,"0"
0,"1"
25,"9"
0,"1"
201,"5"
0,"1"
0,"7"
252,"6"
0,"1"
252,"2"
0,"1"
252,"6"
0,"8"
0,"0"
0,"1"
0,"2"
253,"3"
40,"4"
179,"5"
0,"6"
128,"7"
0,"8"
253,"9"
0,"0"
0,"1"
255,"2"
255,"3"
89,"4"
254,"5"
0,"6"
0,"7"
0,"8"
0,"0"
0,"1"
219,"2"
26,"3"
17,"5"
0,"6"
255,"7"
0,"8"
0,"1"
0,"0"
10,"4"
253,"5"
2,"6"
0,"6"
0,"3"
73,"4"
18,"4"
253,"2"
0,"8"
0,"1"
0,"0"
63,"6"
47,"4"
28,"9"
0,"7"
252,"2"
0,"9"
28,"2"
0,"0"
29,"9"
0,"3"
228,"3"
254,"9"
0,"1"
243,"5"
253,"2"
112,"3"
0,"1"
51,"6"
0,"7"
253,"3"
0,"7"
0,"8"
254,"4"
0,"0"
0,"2"
12,"4"
0,"0"
168,"2"
0,"4"
0,"7"
0,"8"
0,"0"
0,"7"
0,"0"
0,"6"
0,"9"
136,"3"
0,"2"
0,"4"
0,"8"
23,"6"
0,"0"
229,"5"
114,"7"
95,"5"
0,"1"
0,"0"
0,"8"
0,"1"
88,"6"
52,"7"
252,"2"
10,"9"
0,"7"
62,"9"
255,"5"
216,"6"
254,"5"
238,"2"
0,"6"
254,"2"
0,"8"
0,"1"
0,"7"
254,"5"
203,"5"
0,"7"
118,"3"
254,"5"
0,"0"
0,"1"
0,"1"
252,"3"
0,"8"
81,"4"
0,"9"
195,"4"
39,"5"
0,"1"
0,"8"
0,"6"
0,"8"
117,"9"
24,"0"
0,"1"
2,"2"
252,"3"
253,"4"
0,"5"
252,"6"
27,"7"
0,"8"
0,"9"
253,"0"
0,"1"
0,"2"
0,"3"
66,"4"
0,"5"
254,"6"
26,"7"
0,"8"
0,"9"
246,"0"
0,"1"
168,"2"
245,"3"
254,"4"
0,"5"
136,"6"
0,"7"
0,"8"
0,"9"
252,"3"
0,"5"
253,"3"
0,"2"
0,"9"
185,"3"
2,"2"
0,"1"
255,"4"
0,"5"
0,"5"
12,"2"
254,"3"
0,"2"
0,"1"
253,"3"
98,"9"
0,"7"
0,"2"
0,"1"
0,"2"
0,"8"
0,"9"
0,"1"
0,"8"
0,"8"
0,"7"
0,"8"
0,"1"
253,"0"
253,"0"
252,"6"
1,"7"
156,"7"
0,"8"
0,"7"
0,"5"
253,"0"
0,"6"
0,"1"
0,"5"
0,"7"
254,"4"
252,"6"
0,"1"
151,"2"
0,"5"
223,"0"
0,"7"
174,"9"
108,"9"
255,"0"
242,"3"
130,"4"
253,"4"
0,"8"
6,"4"
0,"1"
0,"8"
203,"6"
0,"5"
0,"9"
253,"0"
255,"0"
252,"0"
253,"3"
53,"7"
0,"1"
253,"6"
0,"4"
71,"6"
253,"0"
0,"4"
0,"5"
252,"4"
0,"1"
253,"3"
12,"8"
252,"6"
191,"3"
6,"9"
60,"9"
0,"5"
0,"9"
219,"3"
239,"7"
0,"8"
198,"5"
47,"6"
252,"4"
76,"7"
105,"6"
253,"2"
0,"2"
254,"0"
10,"9"
93,"4"
230,"0"
0,"1"
13,"2"
17,"3"
198,"4"
0,"5"
106,"6"
0,"7"
0,"8"
238,"9"
83,"0"
0,"1"
0,"2"
217,"3"
155,"4"
0,"5"
253,"6"
55,"7"
0,"8"
72,"9"
249,"0"
0,"1"
80,"2"
255,"3"
254,"4"
0,"5"
253,"6"
0,"7"
7,"8"
0,"9"
253,"6"
0,"4"
40,"2"
232,"6"
145,"4"
3,"7"
0,"5"
0,"5"
55,"4"
45,"7"
0,"2"
0,"9"
0,"3"
197,"9"
250,"3"
0,"8"
245,"2"
252,"0"
0,"9"
0,"5"
253,"6"
254,"0"
0,"1"
253,"0"
165,"6"
0,"5"
253,"3"
0,"5"
44,"3"
0,"8"
255,"0"
253,"0"
128,"3"
44,"4"
0,"1"
0,"5"
254,"3"
254,"0"
0,"8"
253,"3"
49,"0"
71,"6"
0,"2"
252,"7"
0,"8"
0,"1"
82,"7"
0,"1"
120,"3"
0,"8"
0,"5"
149,"4"
0,"2"
253,"0"
0,"9"
0,"7"
116,"6"
0,"7"
12,"4"
0,"1"
125,"6"
253,"2"
181,"6"
0,"7"
0,"1"
218,"9"
0,"8"
253,"0"
254,"6"
46,"9"
0,"4"
67,"9"
0,"9"
249,"6"
150,"2"
254,"3"
254,"7"
0,"1"
0,"9"
252,"2"
165,"2"
0,"5"
158,"3"
0,"7"
0,"8"
253,"0"
0,"1"
42,"2"
104,"3"
35,"4"
4,"7"
0,"8"
83,"9"
252,"0"
0,"1"
255,"2"
135,"3"
64,"4"
175,"7"
0,"8"
255,"9"
140,"0"
0,"1"
252,"7"
0,"8"
141,"9"
0,"8"
60,"9"
0,"2"
147,"6"
0,"1"
108,"3"
0,"5"
156,"4"
0,"8"
0,"2"
201,"6"
28,"4"
252,"3"
160,"4"
0,"5"
64,"9"
0,"2"
252,"0"
0,"3"
28,"9"
202,"4"
116,"9"
0,"7"
253,"3"
0,"8"
0,"7"
176,"4"
45,"4"
0,"9"
62,"8"
0,"5"
13,"8"
0,"2"
254,"6"
64,"6"
193,"2"
78,"3"
0,"1"
255,"3"
64,"2"
253,"7"
255,"3"
0,"1"
95,"9"
137,"0"
0,"1"
0,"1"
196,"3"
0,"5"
0,"0"
11,"7"
0,"8"
0,"1"
0,"5"
0,"1"
222,"4"
254,"6"
0,"0"
0,"0"
0,"4"
92,"9"
0,"1"
0,"6"
166,"6"
28,"9"
0,"0"
8,"7"
0,"6"
0,"1"
0,"1"
254,"0"
0,"1"
0,"2"
0,"3"
49,"4"
0,"2"
0,"2"
0,"3"
0,"4"
0,"5"
0,"6"
0,"2"
252,"0"
0,"1"
0,"2"
0,"7"
0,"8"
254,"6"
246,"3"
253,"9"
69,"7"
0,"1"
253,"9"
0,"3"
224,"9"
146,"6"
0,"1"
0,"7"
0,"2"
43,"4"
25,"4"
0,"5"
0,"7"
51,"0"
27,"0"
0,"1"
253,"6"
194,"6"
0,"8"
0,"2"
116,"7"
11,"7"
0,"2"
254,"4"
0,"2"
0,"1"
237,"6"
0,"1"
252,"0"
252,"6"
0,"9"
0,"8"
0,"3"
183,"9"
253,"6"
0,"3"
48,"0"
0,"1"
0,"2"
0,"3"
253,"4"
201,"5"
34,"6"
213,"7"
0,"8"
0,"9"
143,"0"
0,"1"
0,"2"
74,"3"
253,"4"
255,"5"
143,"6"
253,"7"
0,"8"
255,"9"
181,"0"
0,"1"
0,"2"
253,"3"
253,"4"
254,"5"
69,"6"
226,"7"
0,"8"
0,"9"
0,"1"
211,"6"
0,"8"
253,"9"
206,"9"
0,"0"
0,"1"
0,"2"
148,"4"
253,"4"
0,"3"
103,"7"
253,"4"
152,"4"
253,"4"
253,"0"
243,"3"
0,"8"
254,"7"
6,"5"
0,"8"
0,"2"
0,"1"
253,"7"
0,"5"
224,"3"
117,"8"
0,"5"
0,"2"
0,"5"
0,"1"
0,"1"
254,"6"
39,"2"
0,"1"
245,"3"
0,"8"
253,"6"
254,"4"
0,"2"
23,"6"
0,"2"
0,"5"
0,"5"
91,"0"
0,"2"
0,"8"
240,"0"
102,"6"
0,"8"
0,"1"
225,"7"
0,"9"
0,"1"
10,"9"
0,"2"
165,"6"
140,"7"
253,"6"
254,"6"
46,"8"
253,"7"
253,"4"
0,"9"
0,"2"
0,"1"
189,"3"
0,"3"
127,"0"
252,"5"
0,"5"
0,"8"
252,"0"
0,"3"
252,"7"
0,"9"
253,"7"
0,"0"
0,"2"
154,"7"
61,"9"
0,"1"
253,"7"
0,"8"
0,"0"
0,"3"
0,"5"
192,"3"
48,"6"
240,"0"
0,"1"
0,"2"
71,"3"
71,"4"
0,"5"
253,"6"
0,"7"
0,"8"
0,"9"
0,"0"
0,"1"
0,"2"
252,"3"
253,"4"
0,"5"
247,"6"
0,"7"
0,"8"
0,"9"
233,"0"
0,"1"
0,"2"
0,"3"
253,"4"
123,"7"
0,"8"
58,"4"
254,"6"
0,"4"
0,"2"
231,"6"
0,"4"
23,"7"
0,"8"
0,"9"
0,"2"
0,"9"
253,"3"
43,"9"
98,"3"
0,"0"
253,"0"
0,"1"
157,"0"
151,"4"
23,"2"
254,"6"
108,"3"
0,"5"
63,"3"
0,"0"
253,"3"
195,"4"
0,"1"
0,"5"
252,"3"
179,"0"
0,"8"
250,"3"
0,"0"
83,"6"
0,"1"
183,"7"
0,"8"
246,"0"
142,"9"
0,"2"
108,"6"
23,"7"
0,"1"
15,"9"
74,"6"
11,"9"
157,"4"
0,"9"
0,"9"
198,"6"
0,"7"
0,"1"
0,"2"
0,"5"
252,"3"
0,"7"
81,"8"
0,"0"
0,"1"
0,"2"
254,"4"
0,"5"
155,"6"
0,"7"
0,"8"
0,"9"
0,"0"
0,"1"
251,"3"
250,"4"
0,"5"
35,"6"
18,"7"
0,"5"
0,"0"
0,"1"
0,"3"
73,"4"
80,"7"
0,"8"
0,"9"
0,"7"
0,"5"
0,"5"
0,"1"
0,"9"
0,"9"
0,"7"
0,"1"
161,"0"
0,"0"
10,"5"
0,"9"
253,"7"
0,"1"
167,"7"
215,"2"
0,"2"
254,"3"
9,"6"
0,"8"
0,"3"
255,"2"
0,"0"
132,"0"
0,"6"
0,"1"
0,"7"
0,"5"
115,"5"
254,"6"
0,"2"
0,"9"
0,"4"
0,"8"
0,"8"
216,"7"
0,"1"
36,"0"
0,"8"
4,"7"
0,"7"
0,"5"
0,"8"
0,"5"
0,"3"
0,"4"
254,"6"
0,"1"
0,"1"
0,"5"
0,"5"
29,"0"
0,"7"
156,"2"
168,"3"
253,"6"
0,"4"
0,"1"
254,"2"
0,"4"
0,"1"
0,"5"
0,"4"
0,"2"
0,"0"
0,"4"
20,"8"
206,"6"
0,"1"
0,"9"
0,"0"
168,"2"
0,"5"
202,"6"
0,"9"
0,"3"
147,"6"
154,"3"
254,"6"
0,"0"
0,"1"
28,"2"
252,"3"
253,"4"
253,"5"
87,"6"
154,"7"
66,"8"
0,"9"
0,"0"
0,"1"
253,"2"
223,"3"
252,"4"
0,"5"
253,"6"
144,"7"
0,"8"
0,"9"
0,"0"
0,"1"
252,"2"
255,"3"
0,"5"
254,"6"
191,"7"
0,"8"
0,"1"
0,"0"
0,"9"
252,"5"
253,"7"
0,"5"
0,"1"
0,"8"
69,"6"
254,"9"
186,"0"
0,"4"
0,"1"
253,"9"
0,"3"
0,"8"
242,"4"
141,"4"
0,"7"
255,"0"
0,"1"
83,"9"
253,"2"
0,"8"
253,"7"
0,"8"
253,"2"
0,"5"
252,"9"
255,"6"
0,"0"
252,"6"
255,"5"
0,"5"
0,"3"
253,"3"
0,"3"
0,"9"
233,"8"
0,"1"
0,"1"
253,"0"
215,"6"
0,"1"
170,"0"
0,"0"
221,"6"
84,"2"
0,"1"
0,"1"
242,"3"
146,"2"
0,"7"
0,"7"
0,"8"
0,"8"
115,"7"
0,"8"
254,"4"
252,"6"
66,"0"
62,"2"
0,"0"
217,"7"
18,"0"
0,"3"
85,"6"
0,"8"
0,"7"
0,"1"
0,"5"
0,"9"
0,"9"
0,"3"
0,"7"
255,"2"
253,"4"
93,"9"
0,"4"
39,"3"
0,"6"
0,"2"
218,"2"
0,"5"
0,"3"
206,"2"
0,"5"
0,"5"
0,"9"
32,"4"
0,"1"
230,"7"
253,"2"
0,"0"
0,"1"
0,"2"
214,"3"
251,"4"
0,"5"
253,"6"
0,"7"
0,"8"
0,"9"
0,"0"
0,"1"
0,"2"
84,"3"
255,"4"
0,"5"
31,"6"
0,"7"
55,"8"
0,"9"
254,"0"
0,"1"
84,"2"
253,"3"
0,"4"
0,"5"
125,"6"
0,"7"
0,"8"
0,"9"
0,"1"
251,"0"
0,"1"
0,"2"
253,"7"
0,"5"
191,"3"
252,"4"
200,"4"
0,"0"
0,"0"
239,"6"
0,"9"
255,"6"
10,"6"
0,"5"
202,"7"
144,"2"
0,"3"
10,"4"
0,"4"
0,"9"
0,"1"
0,"4"
253,"0"
0,"7"
0,"9"
0,"5"
38,"7"
44,"2"
124,"3"
0,"1"
230,"4"
0,"4"
251,"0"
0,"9"
0,"9"
253,"6"
0,"1"
0,"8"
0,"3"
54,"3"
0,"7"
0,"3"
0,"9"
0,"8"
0,"8"
253,"4"
19,"7"
98,"7"
253,"6"
0,"2"
0,"1"
0,"9"
128,"8"
0,"7"
0,"8"
0,"8"
0,"7"
0,"2"
42,"2"
255,"3"
0,"9"
255,"3"
0,"3"
12,"5"
0,"5"
253,"0"
195,"7"
0,"4"
0,"5"
125,"6"
0,"5"
0,"1"
208,"4"
0,"1"
0,"1"
0,"2"
252,"8"
253,"2"
253,"6"
0,"1"
0,"5"
0,"0"
0,"1"
0,"2"
252,"3"
14,"4"
0,"5"
238,"6"
183,"7"
0,"8"
76,"9"
0,"0"
0,"1"
0,"2"
85,"3"
254,"4"
0,"5"
253,"6"
254,"7"
0,"8"
0,"9"
0,"0"
0,"1"
0,"2"
0,"8"
196,"4"
0,"5"
253,"6"
241,"7"
0,"8"
0,"8"
249,"0"
43,"6"
254,"0"
0,"1"
0,"2"
253,"3"
252,"7"
20,"9"
191,"4"
0,"7"
0,"1"
228,"9"
0,"1"
0,"7"
0,"1"
12,"4"
227,"0"
64,"0"
0,"1"
253,"7"
0,"5"
254,"7"
0,"1"
0,"3"
0,"3"
0,"3"
0,"1"
254,"6"
0,"9"
202,"7"
0,"1"
0,"3"
185,"0"
255,"7"
254,"6"
0,"0"
0,"8"
15,"9"
0,"4"
0,"3"
0,"5"
0,"4"
0,"8"
0,"1"
0,"5"
0,"9"
150,"0"
254,"6"
254,"3"
0,"3"
0,"8"
0,"1"
86,"4"
254,"7"
0,"5"
0,"2"
223,"0"
128,"0"
0,"1"
254,"7"
0,"8"
0,"9"
126,"6"
0,"8"
0,"8"
0,"2"
0,"3"
34,"6"
0,"1"
32,"2"
0,"9"
0,"5"
0,"2"
255,"0"
0,"1"
112,"2"
253,"3"
0,"4"
0,"5"
0,"6"
0,"7"
0,"8"
0,"9"
201,"0"
0,"1"
206,"2"
252,"3"
253,"4"
255,"5"
10,"6"
0,"7"
0,"8"
0,"9"
64,"0"
0,"1"
224,"2"
253,"3"
0,"4"
253,"6"
253,"6"
0,"7"
0,"8"
0,"9"
58,"7"
90,"4"
0,"6"
0,"1"
0,"4"
246,"0"
0,"9"
0,"9"
253,"8"
0,"7"
0,"8"
163,"2"
0,"7"
57,"5"
0,"8"
254,"6"
0,"3"
246,"2"
254,"2"
252,"0"
0,"5"
0,"8"
240,"6"
253,"0"
254,"3"
0,"8"
0,"1"
254,"0"
0,"3"
251,"0"
0,"4"
0,"7"
0,"4"
0,"9"
210,"0"
0,"9"
253,"0"
5,"7"
0,"1"
0,"7"
0,"1"
138,"6"
253,"6"
140,"5"
14,"6"
195,"2"
0,"8"
0,"7"
9,"6"
226,"4"
0,"9"
0,"9"
243,"5"
131,"3"
0,"7"
0,"4"
237,"3"
248,"0"
0,"1"
0,"6"
25,"6"
0,"1"
0,"1"
156,"3"
222,"2"
0,"1"
253,"0"
32,"0"
0,"1"
0,"2"
142,"3"
228,"4"
0,"7"
0,"8"
7,"9"
254,"0"
0,"1"
0,"2"
39,"3"
73,"4"
0,"5"
253,"6"
0,"7"
0,"8"
251,"0"
0,"1"
0,"2"
24,"3"
240,"4"
0,"7"
0,"8"
0,"9"
192,"0"
0,"8"
16,"3"
0,"9"
0,"5"
0,"5"
0,"2"
138,"6"
0,"8"
0,"4"
0,"1"
0,"7"
0,"1"
0,"7"
180,"3"
0,"5"
124,"6"
0,"9"
0,"1"
0,"1"
0,"1"
0,"3"
0,"1"
0,"2"
217,"0"
0,"7"
0,"7"
0,"5"
0,"8"
0,"2"
0,"9"
0,"8"
249,"6"
0,"7"
197,"3"
31,"4"
47,"6"
0,"8"
0,"7"
255,"0"
0,"4"
0,"8"
0,"7"
0,"7"
0,"5"
185,"4"
212,"3"
0,"4"
0,"2"
0,"8"
0,"1"
0,"5"
0,"1"
0,"0"
0,"2"
0,"3"
42,"3"
0,"5"
0,"7"
254,"0"
0,"6"
0,"8"
252,"6"
0,"3"
18,"9"
36,"7"
0,"8"
0,"2"
0,"7"
0,"7"
0,"1"
5,"0"
0,"1"
0,"7"
0,"8"
0,"9"
253,"0"
0,"1"
254,"2"
0,"3"
0,"4"
0,"5"
159,"6"
49,"7"
0,"8"
239,"0"
0,"1"
0,"2"
0,"3"
190,"4"
186,"7"
0,"8"
98,"9"
0,"7"
0,"8"
90,"6"
0,"4"
0,"1"
67,"9"
0,"3"
0,"8"
165,"4"
0,"4"
0,"7"
73,"0"
0,"1"
71,"9"
89,"2"
0,"8"
0,"7"
0,"8"
253,"2"
254,"6"
93,"0"
4,"6"
228,"5"
0,"3"
0,"3"
0,"3"
0,"9"
0,"1"
25,"4"
0,"0"
0,"6"
0,"1"
253,"0"
16,"0"
0,"6"
254,"2"
0,"1"
0,"1"
0,"7"
0,"7"
0,"8"
196,"4"
199,"6"
0,"0"
142,"7"
92,"0"
0,"3"
169,"6"
0,"8"
0,"7"
0,"1"
13,"5"
254,"2"
0,"4"
1,"9"
0,"4"
0,"3"
109,"6"
59,"4"
0,"1"
155,"7"
254,"2"
255,"6"
253,"6"
0,"0"
0,"1"
0,"2"
0,"3"
15,"4"
0,"5"
253,"6"
0,"7"
0,"8"
231,"9"
6,"0"
0,"1"
0,"2"
254,"3"
254,"4"
0,"5"
253,"6"
